"time","P_elec","P_in","Q","Q_0","Q_max","SOC","V_cte","der(Q)","i_in","i_out"
0,80,0,37.5,37.5,75,50,24,-9.25925925925926e-4,0,3.3333333333333335
0.1,80,1.308959557134444,37.49990816492625,37.5,75,49.999877553234995,24,-9.107759310516847e-4,0.054539981547268496,3.3333333333333335
0.2,80,2.6176948307873147,37.49981784465927,37.5,75,49.99975712621236,24,-8.956285320510728e-4,0.10907061794947144,3.3333333333333335
0.3,80,3.92598157590686,37.499729038334884,37.5,75,49.999638717779845,24,-8.804863243529299e-4,0.16358256566278584,3.3333333333333335
0.4,80,5.233595624294383,37.49964174588464,37.5,75,49.999522327846186,24,-8.653519024965929e-4,0.21806648434559928,3.3333333333333335
0.5,80,6.540312923014306,37.49955596272716,37.5,75,49.999407950302874,24,-8.502278596873345e-4,0.27251303845892944,3.3333333333333335
0.6,80,7.8459095727844925,37.49947168970078,37.5,75,49.99929558626771,24,-8.351167873520315e-4,0.32691289886602054,3.3333333333333335
0.7,80,9.150161866340238,37.49938892712494,37.5,75,49.99918523616659,24,-8.200212746951362e-4,0.38125674443084323,3.3333333333333335
0.8,80,10.452846326765346,37.49930767499963,37.5,75,49.9990769,24,-8.049439082550308e-4,0.43553526361522277,3.3333333333333335
0.9,80,11.753739745783765,37.49922790605467,37.5,75,49.99897054140623,24,-7.898872714608361e-4,0.48973915607432356,3.3333333333333335
1,80,13.052619222005157,37.49914962868997,37.5,75,49.99886617158663,24,-7.748539441897552e-4,0.5438591342502149,3.3333333333333335
1.1,80,14.349262199117932,37.49907284803125,37.5,75,49.998763797375,24,-7.59846502325024e-4,0.5978859249632472,3.3333333333333335
1.2,80,15.643446504023084,37.4989975640785,37.5,75,49.998663418771336,24,-7.448675173145476e-4,0.6518102710009618,3.3333333333333335
1.3,80,16.934950384902457,37.49892377683174,37.5,75,49.99856503577565,24,-7.299195557302958e-4,0.705622932704269,3.3333333333333335
1.4,80,18.223552549214745,37.49885148629096,37.5,75,49.99846864838794,24,-7.150051788285331e-4,0.7593146895506143,3.3333333333333335
1.5,80,19.509032201612825,37.498780692456165,37.5,75,49.998374256608216,24,-7.001269421109627e-4,0.8128763417338677,3.3333333333333335
1.6,80,20.79116908177593,37.49871139532734,37.5,75,49.99828186043646,24,-6.852873948868527e-4,0.8662987117406638,3.3333333333333335
1.7,80,22.069743502150107,37.498643446891286,37.5,75,49.998191262521715,24,-6.704890798362257e-4,0.9195726459229211,3.3333333333333335
1.8,80,23.34453638559054,37.49857685924758,37.5,75,49.99810247899677,24,-6.557345325741836e-4,0.9726890160662726,3.3333333333333335
1.9,80,24.6153293028993,37.49851171384469,37.5,75,49.99801561845959,24,-6.410262812164433e-4,1.0256387209541376,3.3333333333333335
2,80,25.881904510252074,37.498448010682644,37.5,75,49.997930680910194,24,-6.263668459461565e-4,1.0784126879271698,3.3333333333333335
2.1,80,27.144044986507428,37.49838574976141,37.5,75,49.99784766634855,24,-6.1175873858209e-4,1.1310018744378094,3.3333333333333335
2.2,80,28.401534470392264,37.498324931081015,37.5,75,49.99776657477469,24,-5.972044621482378e-4,1.1833972695996777,3.3333333333333335
2.3,80,29.654157497557094,37.49826555464143,37.5,75,49.99768740618857,24,-5.827065104449411e-4,1.2355898957315457,3.3333333333333335
2.4,80,30.901699437494734,37.49820762044268,37.5,75,49.99761016059024,24,-5.682673676215888e-4,1.287570809895614,3.3333333333333335
2.5,80,32.14394653031615,37.49815112848476,37.5,75,49.99753483797967,24,-5.538895077509705e-4,1.3393311054298396,3.3333333333333335
2.6,80,33.380685923377094,37.49809607876766,37.5,75,49.99746143835688,24,-5.395753944053577e-4,1.3908619134740456,3.3333333333333335
2.7,80,34.611705707749294,37.49804247129139,37.5,75,49.99738996172186,24,-5.253274802343832e-4,1.442154404489554,3.3333333333333335
2.8,80,35.83679495453002,37.49799030605595,37.5,75,49.9973204080746,24,-5.111482065447915e-4,1.4931997897720841,3.3333333333333335
2.9,80,37.05574375098362,37.497939583061324,37.5,75,49.9972527774151,24,-4.97040002882134e-4,1.543989322957651,3.3333333333333335
3,80,38.268343236508976,37.49789030230753,37.5,75,49.997187069743376,24,-4.830052866144795e-4,1.5945143015212073,3.3333333333333335
3.1,80,39.47438563842672,37.49784246379456,37.5,75,49.997123285059416,24,-4.6904646251820937e-4,1.6447660682677798,3.3333333333333335
3.2,80,40.67366430758001,37.49779606752242,37.5,75,49.997061423363235,24,-4.5516592236597217e-4,1.6947360128158337,3.3333333333333335
3.3,80,41.8659737537428,37.497750938649645,37.5,75,49.99700125153286,24,-4.413660445168658e-4,1.7444155730726167,3.3333333333333335
3.4,80,43.051109680829505,37.49770662078661,37.5,75,49.996942161048814,24,-4.2764919350891776e-4,1.7937962367012295,3.3333333333333335
3.5,80,44.228869021900124,37.49766365484815,37.5,75,49.99688487313087,24,-4.1401771965393375e-4,1.842869542579172,3.3333333333333335
3.6,80,45.399049973954675,37.49762204083427,37.5,75,49.99682938777903,24,-4.004739586347839e-4,1.8916270822481114,3.3333333333333335
3.7,80,46.561452032511134,37.49758177874496,37.5,75,49.99677570499328,24,-3.870202311051952e-4,1.9400605013546306,3.3333333333333335
3.8,80,47.71587602596084,37.497542868580226,37.5,75,49.99672382477364,24,-3.7365884229211997e-4,1.9881615010817015,3.3333333333333335
3.9,80,48.86212414969549,37.49750531034007,37.5,75,49.99667374712009,24,-3.6039208160074663e-4,2.0359218395706455,3.3333333333333335
4,80,50,37.497469104024475,37.5,75,49.99662547203263,24,-3.4722222222222234e-4,2.083333333333333,3.3333333333333335
4.1,80,51.129308607705205,37.49743424963347,37.5,75,49.99657899951129,24,-3.341515207441528e-4,2.1303878586543834,3.3333333333333335
4.2,80,52.24985647159488,37.497400747167035,37.5,75,49.99653432955605,24,-3.2118221676394814e-4,2.17707735298312,3.3333333333333335
4.3,80,53.36145159156115,37.49736859662518,37.5,75,49.9964914621669,24,-3.0831653250507936e-4,2.2233938163150477,3.3333333333333335
4.4,80,54.463903501502706,37.49733779800789,37.5,75,49.99645039734386,24,-2.9555667243631137e-4,2.2693293125626126,3.3333333333333335
4.5,80,55.557023301960214,37.497308351315176,37.5,75,49.9964111350869,24,-2.82904822893979e-4,2.314875970915009,3.3333333333333335
4.6,80,56.64062369248328,37.49728025654704,37.5,75,49.99637367539606,24,-2.703631517073695e-4,2.3600259871868032,3.3333333333333335
4.7,80,57.71451900372335,37.49725351370348,37.5,75,49.9963380182713,24,-2.57933807827276e-4,2.40477162515514,3.3333333333333335
4.8,80,58.7785252292473,37.49722812278449,37.5,75,49.99630416371266,24,-2.4561892095778585e-4,2.4491052178853043,3.3333333333333335
4.9,80,59.832460057065894,37.49720408379008,37.5,75,49.99627211172011,24,-2.3342060119136703e-4,2.493019169044412,3.3333333333333335
5,80,60.876142900872054,37.49718019628482,37.5,75,49.9962402617131,24,-2.213409386473142e-4,2.5365059542030024,3.3333333333333335
5.1,80,61.90939493098339,37.497157295491604,37.5,75,49.99620972732214,24,-2.0938200311361818e-4,2.579558122124308,3.3333333333333335
5.2,80,62.93203910498374,37.49713558252612,37.5,75,49.99618077670149,24,-1.9754584369231795e-4,2.622168296040989,3.3333333333333335
5.3,80,63.943900198058465,37.49711505738837,37.5,75,49.99615340985116,24,-1.8583448844839743e-4,2.6643291749191027,3.3333333333333335
5.4,80,64.94480483301837,37.497095720078356,37.5,75,49.99612762677114,24,-1.742499440622875e-4,2.7060335347090985,3.3333333333333335
5.5,80,65.93458151000688,37.49707757059608,37.5,75,49.99610342746145,24,-1.6279419548603148e-4,2.74727422958362,3.3333333333333335
5.6,80,66.91306063588581,37.49706060894154,37.5,75,49.99608081192205,24,-1.514692056031735e-4,2.788044193161909,3.3333333333333335
5.7,80,67.88007455329416,37.49704483511473,37.5,75,49.996059780152976,24,-1.4027691489242866e-4,2.8283364397205903,3.3333333333333335
5.8,80,68.8354575693754,37.497030249115646,37.5,75,49.996040332154195,24,-1.2921924109519226e-4,2.8681440653906414,3.3333333333333335
5.9,80,69.77904598416801,37.497016850944306,37.5,75,49.99602246792574,24,-1.1829807888694439e-4,2.9074602493403336,3.3333333333333335
6,80,70.71067811865476,37.4970046406007,37.5,75,49.9960061874676,24,-1.0751529955260705e-4,2.946278254943948,3.3333333333333335
6.1,80,71.63019434246542,37.49699361808483,37.5,75,49.99599149077977,24,-9.687275066590963e-5,2.984591430936059,3.3333333333333335
6.2,80,72.53743710122875,37.496983783396686,37.5,75,49.99597837786225,24,-8.637225577281552e-5,3.0223932125511976,3.3333333333333335
6.3,80,73.43225094356855,37.496975136536285,37.5,75,49.99596684871504,24,-7.601561407906774e-5,3.0596771226486896,3.3333333333333335
6.4,80,74.31448254773942,37.49696767750361,37.5,75,49.995956903338154,24,-6.580460014190498e-5,3.0964367728224755,3.3333333333333335
6.5,80,75.18398074789772,37.496961406298674,37.5,75,49.995948541731565,24,-5.574096356599864e-5,3.1326658644957384,3.3333333333333335
6.6,80,76.04059656000308,37.49695546920715,37.5,75,49.995940625609535,24,-4.582642870366804e-5,3.16835819,3.3333333333333335
6.7,80,76.88418320734594,37.496949578079736,37.5,75,49.99593277077298,24,-3.606269435942197e-5,3.2035076336394144,3.3333333333333335
6.8,80,77.71459614569707,37.49694465685083,37.5,75,49.99592620913444,24,-2.6451433498876476e-5,3.238108172737378,3.3333333333333335
6.9,80,78.53169308807449,37.49694070552043,37.5,75,49.99592094069391,24,-1.6994292962100803e-5,3.2721538786697706,3.3333333333333335
7,80,79.33533402912352,37.49693772408854,37.5,75,49.995916965451386,24,-7.692893181440791e-6,3.3056389178801466,3.3333333333333335
7.1,80,80.12538126910606,37.49693571255515,37.5,75,49.99591428340687,24,1.4511720961348415e-6,3.338557552879419,3.3333333333333335
7.2,80,80.90169943749474,37.49693467092027,37.5,75,49.995912894560355,24,1.0436336082115064e-5,3.3709041432289477,3.3333333333333335
7.3,80,81.6641555161679,37.49693459918389,37.5,75,49.99591279891185,24,1.926105921490611e-5,3.4026731465069955,3.3333333333333335
7.4,80,82.41261886220155,37.496935497346016,37.5,75,49.995913996461354,24,2.7923829423629107e-5,3.4338591192583983,3.3333333333333335
7.5,80,83.14696123025452,37.49693736540665,37.5,75,49.995916487208866,24,3.6423162387205035e-5,3.4644567179272716,3.3333333333333335
7.6,80,83.86705679454239,37.496940203365796,37.5,75,49.99592027115439,24,4.475760178868502e-5,3.4944606997725995,3.3333333333333335
7.7,80,84.57278217039732,37.496944011223434,37.5,75,49.99592534829791,24,5.292571956478377e-5,3.523865923766555,3.3333333333333335
7.8,80,85.26401643540922,37.49694878897959,37.5,75,49.99593171863945,24,6.092611615056957e-5,3.552667351475384,3.3333333333333335
7.9,80,85.94064115014527,37.49695453663424,37.5,75,49.99593938217899,24,6.875742071927389e-5,3.5808600479227195,3.3333333333333335
8,80,86.60254037844386,37.49696125418741,37.5,75,49.99594833891655,24,7.641829141717429e-5,3.608439182435161,3.3333333333333335
8.1,80,87.2496007072797,37.49696894163908,37.5,75,49.995958588852105,24,8.390741559351501e-5,3.6354000294699875,3.3333333333333335
8.2,80,87.88171126619653,37.49697750337935,37.5,75,49.99597000450579,24,9.122351002542279e-5,3.6617379694248555,3.3333333333333335
8.3,80,88.49876374630418,37.496985831559414,37.5,75,49.99598110874589,24,9.836532113777983e-5,3.687448489429341,3.3333333333333335
8.4,80,89.10065241883677,37.49699490094447,37.5,75,49.995993201259296,24,1.0533162521801821e-4,3.712527184118199,3.3333333333333335
8.5,80,89.68727415326883,37.49700469844014,37.5,75,49.99600626458685,24,1.1212122862579666e-4,3.7369697563862014,3.3333333333333335
8.6,80,90.25852843498605,37.49701521095205,37.5,75,49.9960202812694,24,1.1873296799752365e-4,3.7607720181244186,3.3333333333333335
8.7,80,90.81431738250811,37.49702642538578,37.5,75,49.996035233847714,24,1.2516571044569565e-4,3.783929890937838,3.3333333333333335
8.8,80,91.35454576426008,37.497038328646966,37.5,75,49.99605110486262,24,1.3141835375301016e-4,3.80643940684417,3.3333333333333335
8.9,80,91.87912101488982,37.4970509076412,37.5,75,49.99606787685494,24,1.3748982656122468e-4,3.8282967089537423,3.3333333333333335
9,80,92.38795325112868,37.49706414927412,37.5,75,49.996085532365484,24,1.4337908855473e-4,3.8494980521303614,3.3333333333333335
9.1,80,92.8809552871924,37.4970780404513,37.5,75,49.99610405393506,24,1.490851306388009e-4,3.870039803633017,3.3333333333333335
9.2,80,93.35804264972018,37.49709256807837,37.5,75,49.996123424104496,24,1.5460697511250195e-4,3.8899184437383405,3.3333333333333335
9.3,80,93.81913359224842,37.49710771906095,37.5,75,49.9961436254146,24,1.599436758362085e-4,3.909130566343684,3.3333333333333335
9.4,80,94.26414910921783,37.49712348030464,37.5,75,49.996164640406185,24,1.6509431839372479e-4,3.9276728795507427,3.3333333333333335
9.5,80,94.69301294951056,37.49713983871505,37.5,75,49.99618645162007,24,1.700580202489648e-4,3.945542206229607,3.3333333333333335
9.6,80,95.10565162951535,37.497156781197795,37.5,75,49.99620904159706,24,1.748339308971684e-4,3.9627354845631397,3.3333333333333335
9.7,80,95.50199444571865,37.497174294658485,37.5,75,49.996232392877985,24,1.7942123201063252e-4,3.9792497685716106,3.3333333333333335
9.8,80,95.8819734868193,37.497192366002736,37.5,75,49.996256488003645,24,1.8381913757892714e-4,3.995082228617471,3.3333333333333335
9.9,80,96.24552364536473,37.49721057923931,37.5,75,49.99628077231908,24,1.8802689404357327e-4,4.010230151890197,3.3333333333333335
10,80,96.59258262890683,37.49722906056593,37.5,75,49.99630541408791,24,1.920437804271623e-4,4.024690942871118,3.3333333333333335
10.1,80,96.92309097067545,37.497247950786864,37.5,75,49.99633060104915,24,1.9586910845689162e-4,4.038462123778143,3.3333333333333335
10.2,80,97.23699203976766,37.49726723074026,37.5,75,49.996356307653684,24,1.9950222268249606e-4,4.051541334990319,3.3333333333333335
10.3,80,97.53423205085127,37.49728688126423,37.5,75,49.996382508352305,24,2.0294250058855643e-4,4.063926335452137,3.3333333333333335
10.4,80,97.81476007338055,37.49730688319693,37.5,75,49.9964091775959,24,2.0618935270116378e-4,4.075615003057523,3.3333333333333335
10.5,80,98.07852804032305,37.497327217376466,37.5,75,49.99643628983529,24,2.0924222268892408e-4,4.08660533501346,3.3333333333333335
10.6,80,98.32549075639545,37.497347864641,37.5,75,49.99646381952134,24,2.1210058745828068e-4,4.096895448183144,3.3333333333333335
10.7,80,98.55560590580777,37.49736880582864,37.5,75,49.99649174110486,24,2.147639572431454e-4,4.106483579408657,3.3333333333333335
10.8,80,98.76883405951378,37.49739002177753,37.5,75,49.9965200290367,24,2.1723187568881684e-4,4.115368085813074,3.3333333333333335
10.9,80,98.96513868196702,37.49741149332581,37.5,75,49.99654865776774,24,2.195039199301738e-4,4.123547445081959,3.3333333333333335
11,80,99.14448613738104,37.49743320131159,37.5,75,49.99657760174878,24,2.2157970066413241e-4,4.13102025572421,3.3333333333333335
11.1,80,99.30684569549263,37.497455126573016,37.5,75,49.99660683543068,24,2.2345886221634989e-4,4.137785237312193,3.3333333333333335
11.2,80,99.45218953682733,37.49747724994823,37.5,75,49.99663633326431,24,2.2514108260216826e-4,4.143841230701139,3.3333333333333335
11.3,80,99.58049275746617,37.49749955227536,37.5,75,49.996666069700474,24,2.266260735817844e-4,4.149187198227757,3.3333333333333335
11.4,80,99.6917333733128,37.49752201439254,37.5,75,49.996696019190054,24,2.2791358070963885e-4,4.153822223888033,3.3333333333333335
11.5,80,99.78589232386035,37.49754461713789,37.5,75,49.996726156183854,24,2.2900338337801337e-4,4.157745513494182,3.3333333333333335
11.6,80,99.86295347545739,37.49756734134955,37.5,75,49.99675645513273,24,2.2989529485483077e-4,4.160956394810724,3.3333333333333335
11.7,80,99.92290362407229,37.49759016786567,37.5,75,49.996786890487556,24,2.3058916231565146e-4,4.163454317669679,3.3333333333333335
11.8,80,99.96573249755572,37.49761307316543,37.5,75,49.99681743088724,24,2.310848668698579e-4,4.165238854064822,3.3333333333333335
11.9,80,99.9914327574007,37.49763596381078,37.5,75,49.99684795174771,24,2.3138232358102653e-4,4.166309698225029,3.3333333333333335
12,80,100,37.497658886603475,37.5,75,49.9968785154713,24,2.3148148148148152e-4,4.166666666666667,3.3333333333333335
12.1,80,99.9914327574007,37.497681821735554,37.5,75,49.99690909564741,24,2.3138232358102653e-4,4.166309698225029,3.3333333333333335
12.2,80,99.96573249755572,37.49770474939903,37.5,75,49.99693966586537,24,2.310848668698579e-4,4.165238854064822,3.3333333333333335
12.3,80,99.92290362407229,37.49772764978588,37.5,75,49.99697019971451,24,2.3058916231565146e-4,4.163454317669679,3.3333333333333335
12.4,80,99.86295347545739,37.497750503088156,37.5,75,49.99700067078421,24,2.2989529485483077e-4,4.160956394810724,3.3333333333333335
12.5,80,99.78589232386035,37.49777328949786,37.5,75,49.99703105266381,24,2.2900338337801337e-4,4.157745513494182,3.3333333333333335
12.6,80,99.6917333733128,37.497795989207,37.5,75,49.99706131894266,24,2.2791358070963885e-4,4.153822223888033,3.3333333333333335
12.7,80,99.58049275746617,37.49781858240758,37.5,75,49.99709144321011,24,2.266260735817844e-4,4.149187198227757,3.3333333333333335
12.8,80,99.45218953682733,37.49784104929164,37.5,75,49.997121399055516,24,2.2514108260216826e-4,4.143841230701139,3.3333333333333335
12.9,80,99.30684569549263,37.497863370051164,37.5,75,49.99715116006822,24,2.2345886221634989e-4,4.137785237312193,3.3333333333333335
13,80,99.14448613738105,37.49788552487817,37.5,75,49.997180699837564,24,2.2157970066413241e-4,4.13102025572421,3.3333333333333335
13.1,80,98.96513868196702,37.49790749396469,37.5,75,49.997209991952914,24,2.195039199301738e-4,4.123547445081959,3.3333333333333335
13.2,80,98.76883405951378,37.49792925750271,37.5,75,49.99723901000361,24,2.1723187568881684e-4,4.115368085813074,3.3333333333333335
13.3,80,98.55560590580778,37.497950795684275,37.5,75,49.99726772757903,24,2.1476395724314565e-4,4.106483579408658,3.3333333333333335
13.4,80,98.32549075639547,37.49797208870137,37.5,75,49.997296118268494,24,2.1210058745828092e-4,4.096895448183145,3.3333333333333335
13.5,80,98.07852804032305,37.49799311674602,37.5,75,49.99732415566135,24,2.0924222268892408e-4,4.08660533501346,3.3333333333333335
13.6,80,97.81476007338057,37.49801386001023,37.5,75,49.997351813346974,24,2.0618935270116402e-4,4.075615003057524,3.3333333333333335
13.7,80,97.53423205085127,37.498034298686015,37.5,75,49.99737906491469,24,2.0294250058855643e-4,4.063926335452137,3.3333333333333335
13.8,80,97.23699203976767,37.498054413732525,37.5,75,49.9974058849767,24,1.9950222268249606e-4,4.051541334990319,3.3333333333333335
13.9,80,96.92309097067545,37.49807418584643,37.5,75,49.99743224779524,24,1.9586910845689162e-4,4.038462123778143,3.3333333333333335
14,80,96.59258262890683,37.498093594239926,37.5,75,49.99745812565323,24,1.920437804271623e-4,4.024690942871118,3.3333333333333335
14.1,80,96.24552364536474,37.49811261911889,37.5,75,49.99748349215852,24,1.8802689404357327e-4,4.010230151890197,3.3333333333333335
14.2,80,95.88197348681932,37.49813124068919,37.5,75,49.99750832091892,24,1.8381913757892728e-4,3.9950822286174716,3.3333333333333335
14.3,80,95.50199444571867,37.49814943915672,37.5,75,49.997532585542295,24,1.7942123201063266e-4,3.979249768571611,3.3333333333333335
14.4,80,95.10565162951536,37.49816719472736,37.5,75,49.997556259636475,24,1.7483393089716854e-4,3.96273548456314,3.3333333333333335
14.5,80,94.69301294951057,37.49818448760696,37.5,75,49.99757931680928,24,1.7005802024896494e-4,3.9455422062296073,3.3333333333333335
14.6,80,94.26414910921784,37.49820129800143,37.5,75,49.99760173066858,24,1.6509431839372492e-4,3.927672879550743,3.3333333333333335
14.7,80,93.81913359224842,37.49821760611664,37.5,75,49.99762347482219,24,1.599436758362085e-4,3.909130566343684,3.3333333333333335
14.8,80,93.35804264972019,37.49823339215846,37.5,75,49.99764452287795,24,1.546069751125022e-4,3.8899184437383414,3.3333333333333335
14.9,80,92.88095528719242,37.498248636332775,37.5,75,49.997664848443705,24,1.4908513063880118e-4,3.8700398036330177,3.3333333333333335
15,80,92.38795325112868,37.49826331884546,37.5,75,49.99768442512728,24,1.4337908855473e-4,3.8494980521303614,3.3333333333333335
15.1,80,91.87912101488985,37.4982774199024,37.5,75,49.99770322653653,24,1.3748982656122503e-4,3.8282967089537436,3.3333333333333335
15.2,80,91.35454576426011,37.498290919709476,37.5,75,49.9977212262793,24,1.3141835375301054e-4,3.8064394068441714,3.3333333333333335
15.3,80,90.81431738250815,37.49830379847255,37.5,75,49.997738397963396,24,1.2516571044569614e-4,3.7839298909378396,3.3333333333333335
15.4,80,90.25852843498608,37.49831603639751,37.5,75,49.99775471519668,24,1.1873296799752403e-4,3.76077201812442,3.3333333333333335
15.5,80,89.68727415326883,37.49832761369024,37.5,75,49.99777015158699,24,1.1212122862579666e-4,3.7369697563862014,3.3333333333333335
15.6,80,89.10065241883679,37.498338510556614,37.5,75,49.99778468074215,24,1.0533162521801833e-4,3.7125271841181995,3.3333333333333335
15.7,80,88.4987637463042,37.49834870720251,37.5,75,49.99779827627001,24,9.836532113778009e-5,3.687448489429342,3.3333333333333335
15.8,80,87.88171126619653,37.4983583587758,37.5,75,49.997811145034404,24,9.122351002542279e-5,3.6617379694248555,3.3333333333333335
15.9,80,87.24960070727973,37.49836735086373,37.5,75,49.997823134484975,24,8.390741559351526e-5,3.6354000294699884,3.3333333333333335
16,80,86.60254037844388,37.498375618731224,37.5,75,49.997834158308294,24,7.641829141717442e-5,3.6084391824351614,3.3333333333333335
16.1,80,85.94064115014528,37.49838314423623,37.5,75,49.99784419231497,24,6.875742071927401e-5,3.58086004792272,3.3333333333333335
16.2,80,85.26401643540925,37.498389909236714,37.5,75,49.99785321231562,24,6.092611615056994e-5,3.5526673514753853,3.3333333333333335
16.3,80,84.57278217039732,37.498395895590626,37.5,75,49.99786119412084,24,5.292571956478377e-5,3.523865923766555,3.3333333333333335
16.4,80,83.86705679454242,37.49840108515593,37.5,75,49.997868113541244,24,4.475760178868539e-5,3.494460699772601,3.3333333333333335
16.5,80,83.14696123025453,37.498405459790575,37.5,75,49.997873946387436,24,3.642316238720516e-5,3.464456717927272,3.3333333333333335
16.6,80,82.41261886220158,37.49840900135251,37.5,75,49.99787866847002,24,2.7923829423629354e-5,3.433859119258399,3.3333333333333335
16.7,80,81.66415551616791,37.498411691699715,37.5,75,49.99788225559962,24,1.926105921490636e-5,3.4026731465069964,3.3333333333333335
16.8,80,80.90169943749474,37.49841351269012,37.5,75,49.99788468358683,24,1.0436336082115064e-5,3.3709041432289477,3.3333333333333335
16.9,80,80.12538126910609,37.498414446181705,37.5,75,49.997885928242276,24,1.4511720961352114e-6,3.3385575528794202,3.3333333333333335
17,80,79.33533402912354,37.49841447403241,37.5,75,49.99788596537654,24,-7.692893181440545e-6,3.3056389178801475,3.3333333333333335
17.1,80,78.53169308807449,37.4984135781002,37.5,75,49.99788477080027,24,-1.6994292962100803e-5,3.2721538786697706,3.3333333333333335
17.2,80,77.7145961456971,37.49841174024302,37.5,75,49.997882320324024,24,-2.645143349887623e-5,3.238108172737379,3.3333333333333335
17.3,80,76.88418320734596,37.49840894231884,37.5,75,49.99787858975846,24,-3.606269435942185e-5,3.203507633639415,3.3333333333333335
17.4,80,76.04059656000312,37.498405166185606,37.5,75,49.99787355491414,24,-4.582642870366755e-5,3.16835819,3.3333333333333335
17.5,80,75.18398074789778,37.498400393701274,37.5,75,49.9978671916017,24,-5.5740963565998026e-5,3.1326658644957406,3.3333333333333335
17.6,80,74.31448254773943,37.49839460672382,37.5,75,49.99785947563176,24,-6.580460014190474e-5,3.0964367728224764,3.3333333333333335
17.7,80,73.43225094356856,37.49838778711117,37.5,75,49.997850382814896,24,-7.601561407906761e-5,3.05967712264869,3.3333333333333335
17.8,80,72.53743710122878,37.498379916721305,37.5,75,49.99783988896174,24,-8.637225577281514e-5,3.022393212551199,3.3333333333333335
17.9,80,71.63019434246547,37.49837097741217,37.5,75,49.9978279698829,24,-9.687275066590889e-5,2.9845914309360615,3.3333333333333335
18,80,70.71067811865476,37.498360951041725,37.5,75,49.99781460138897,24,-1.0751529955260705e-4,2.946278254943948,3.3333333333333335
18.1,80,69.77904598416802,37.49834981946792,37.5,75,49.99779975929056,24,-1.1829807888694427e-4,2.907460249340334,3.3333333333333335
18.2,80,68.83545756937542,37.498337564548706,37.5,75,49.997783419398274,24,-1.2921924109519188e-4,2.8681440653906427,3.3333333333333335
18.3,80,67.88007455329421,37.49832416814207,37.5,75,49.99776555752276,24,-1.4027691489242814e-4,2.828336439720592,3.3333333333333335
18.4,80,66.91306063588584,37.49831008530558,37.5,75,49.99774678040744,24,-1.5146920560317313e-4,2.78804419316191,3.3333333333333335
18.5,80,65.9345815100069,37.49829500802616,37.5,75,49.99772667736821,24,-1.6279419548603137e-4,2.7472742295836206,3.3333333333333335
18.6,80,64.94480483301838,37.49827880828665,37.5,75,49.99770507771553,24,-1.7424994406228727e-4,2.7060335347090994,3.3333333333333335
18.7,80,63.943900198058515,37.498261470807144,37.5,75,49.99768196107619,24,-1.858344884483968e-4,2.664329174919105,3.3333333333333335
18.8,80,62.93203910498377,37.49824298030773,37.5,75,49.99765730707697,24,-1.9754584369231746e-4,2.6221682960409907,3.3333333333333335
18.9,80,61.90939493098342,37.49822332150847,37.5,75,49.99763109534462,24,-2.0938200311361793e-4,2.579558122124309,3.3333333333333335
19,80,60.87614290087209,37.498202479129475,37.5,75,49.99760330550597,24,-2.213409386473138e-4,2.5365059542030037,3.3333333333333335
19.1,80,59.832460057065916,37.498180437890795,37.5,75,49.99757391718773,24,-2.334206011913668e-4,2.493019169044413,3.3333333333333335
19.2,80,58.77852522924736,37.49815718251253,37.5,75,49.997542910016705,24,-2.4561892095778526e-4,2.4491052178853066,3.3333333333333335
19.3,80,57.71451900372336,37.49813269771475,37.5,75,49.997510263619674,24,-2.57933807827276e-4,2.40477162515514,3.3333333333333335
19.4,80,56.64062369248332,37.498106968217556,37.5,75,49.99747595762341,24,-2.70363151707369e-4,2.360025987186805,3.3333333333333335
19.5,80,55.55702330196025,37.498079978741,37.5,75,49.99743997165467,24,-2.8290482289397865e-4,2.3148759709150104,3.3333333333333335
19.6,80,54.46390350150273,37.4980517140052,37.5,75,49.997402285340264,24,-2.955566724363111e-4,2.2693293125626135,3.3333333333333335
19.7,80,53.36145159156117,37.4980221587302,37.5,75,49.99736287830693,24,-3.0831653250507914e-4,2.2233938163150486,3.3333333333333335
19.8,80,52.24985647159489,37.497991297636126,37.5,75,49.997321730181504,24,-3.2118221676394814e-4,2.17707735298312,3.3333333333333335
19.9,80,51.12930860770525,37.49795911544301,37.5,75,49.99727882059068,24,-3.341515207441523e-4,2.130387858654385,3.3333333333333335
20,80,50,37.497925596870964,37.5,75,49.997234129161285,24,-3.4722222222222186e-4,2.083333333333335,3.3333333333333335
20.1,80,48.86212414969548,37.49789072664007,37.5,75,49.9971876355201,24,-3.603920816007468e-4,2.035921839570645,3.3333333333333335
20.2,80,47.71587602596086,37.4978544894704,37.5,75,49.997139319293865,24,-3.7365884229211975e-4,1.9881615010817024,3.3333333333333335
20.3,80,46.561452032511156,37.49781687008204,37.5,75,49.99708916010939,24,-3.87020231105195e-4,1.9400605013546315,3.3333333333333335
20.4,80,45.39904997395473,37.49777785319507,37.5,75,49.99703713759342,24,-4.0047395863478325e-4,1.8916270822481138,3.3333333333333335
20.5,80,44.22886902190017,37.49773742352957,37.5,75,49.99698323137276,24,-4.1401771965393326e-4,1.8428695425791737,3.3333333333333335
20.6,80,43.051109680829505,37.49769556580562,37.5,75,49.99692742107416,24,-4.2764919350891776e-4,1.7937962367012295,3.3333333333333335
20.7,80,41.86597375374284,37.49765226474332,37.5,75,49.99686968632443,24,-4.413660445168653e-4,1.7444155730726185,3.3333333333333335
20.8,80,40.67366430758004,37.49760750506273,37.5,75,49.99681000675031,24,-4.551659223659718e-4,1.694736012815835,3.3333333333333335
20.9,80,39.47438563842678,37.497561271483946,37.5,75,49.9967483619786,24,-4.690464625182086e-4,1.6447660682677825,3.3333333333333335
21,80,38.26834323650899,37.497514430857215,37.5,75,49.99668590780962,24,-4.8300528661447933e-4,1.594514301521208,3.3333333333333335
21.1,80,37.05574375098363,37.49746639181001,37.5,75,49.996621855746675,24,-4.970400028821339e-4,1.5439893229576513,3.3333333333333335
21.2,80,35.83679495453006,37.497416959984136,37.5,75,49.996555946645515,24,-5.11148206544791e-4,1.493199789772086,3.3333333333333335
21.3,80,34.61170570774933,37.497366124666854,37.5,75,49.99648816622248,24,-5.253274802343828e-4,1.4421544044895553,3.3333333333333335
21.4,80,33.38068592337716,37.49731387514545,37.5,75,49.99641850019393,24,-5.39575394405357e-4,1.3908619134740483,3.3333333333333335
21.5,80,32.14394653031618,37.49726020070717,37.5,75,49.99634693427622,24,-5.538895077509702e-4,1.3393311054298407,3.3333333333333335
21.6,80,30.901699437494752,37.497205090639305,37.5,75,49.99627345418574,24,-5.682673676215886e-4,1.2875708098956147,3.3333333333333335
21.7,80,29.654157497557144,37.497148534229126,37.5,75,49.996198045638835,24,-5.827065104449405e-4,1.2355898957315476,3.3333333333333335
21.8,80,28.401534470392303,37.49709052076389,37.5,75,49.99612069435185,24,-5.972044621482373e-4,1.1833972695996793,3.3333333333333335
21.9,80,27.14404498650746,37.497031039530874,37.5,75,49.99604138604117,24,-6.117587385820896e-4,1.1310018744378108,3.3333333333333335
22,80,25.881904510252102,37.49697007981735,37.5,75,49.99596010642314,24,-6.263668459461563e-4,1.078412687927171,3.3333333333333335
22.1,80,24.615329302899323,37.496907630910584,37.5,75,49.99587684121411,24,-6.410262812164431e-4,1.0256387209541384,3.3333333333333335
22.2,80,23.344536385590594,37.49684368209786,37.5,75,49.995791576130486,24,-6.557345325741829e-4,0.9726890160662748,3.3333333333333335
22.3,80,22.069743502150114,37.49677822266643,37.5,75,49.99570429688857,24,-6.704890798362255e-4,0.9195726459229214,3.3333333333333335
22.4,80,20.791169081775973,37.496711241903576,37.5,75,49.99561498920477,24,-6.852873948868522e-4,0.8662987117406655,3.3333333333333335
22.5,80,19.50903220161286,37.49664272909656,37.5,75,49.99552363879541,24,-7.001269421109623e-4,0.8128763417338692,3.3333333333333335
22.6,80,18.223552549214773,37.49657267353266,37.5,75,49.99543023137688,24,-7.150051788285327e-4,0.7593146895506155,3.3333333333333335
22.7,80,16.934950384902525,37.49650106449914,37.5,75,49.99533475266552,24,-7.299195557302949e-4,0.7056229327042719,3.3333333333333335
22.8,80,15.643446504023098,37.496427891283275,37.5,75,49.9952371883777,24,-7.448675173145475e-4,0.6518102710009624,3.3333333333333335
22.9,80,14.349262199117979,37.49635314317234,37.5,75,49.99513752422979,24,-7.598465023250234e-4,0.5978859249632491,3.3333333333333335
23,80,13.052619222005198,37.4962768094536,37.5,75,49.99503574593813,24,-7.748539441897547e-4,0.5438591342502166,3.3333333333333335
23.1,80,11.753739745783797,37.49619887941432,37.5,75,49.9949318392191,24,-7.898872714608358e-4,0.4897391560743249,3.3333333333333335
23.2,80,10.452846326765373,37.49611934234178,37.5,75,49.99482578978904,24,-8.049439082550303e-4,0.4355352636152239,3.3333333333333335
23.3,80,9.150161866340257,37.49603818752324,37.5,75,49.99471758336432,24,-8.20021274695136e-4,0.38125674443084406,3.3333333333333335
23.4,80,7.845909572784551,37.49595540424597,37.5,75,49.99460720566129,24,-8.351167873520307e-4,0.326912898866023,3.3333333333333335
23.5,80,6.540312923014356,37.49587098179725,37.5,75,49.99449464239633,24,-8.502278596873339e-4,0.2725130384589315,3.3333333333333335
23.6,80,5.233595624294381,37.495789266328295,37.5,75,49.994385688437724,24,-8.653519024965929e-4,0.2180664843455992,3.3333333333333335
23.7,80,3.925981575906895,37.49570725930561,37.5,75,49.994276345740815,24,-8.804863243529295e-4,0.16358256566278728,3.3333333333333335
23.8,80,2.617694830787342,37.495624191908206,37.5,75,49.994165589210944,24,-8.956285320510725e-4,0.10907061794947259,3.3333333333333335
23.9,80,1.308959557134508,37.49554007538413,37.5,75,49.9940534338455,24,-9.107759310516839e-4,0.05453998154727117,3.3333333333333335
24,80,1.2246467991473532e-14,37.495454920981395,37.5,75,49.99393989464186,24,-9.259259259259259e-4,5.102694996447305e-16,3.3333333333333335
24.1,80,0,37.49536873994804,37.5,75,49.99382498659739,24,-9.25925925925926e-4,0,3.3333333333333335
24.2,80,0,37.49528154353213,37.5,75,49.993708724709506,24,-9.25925925925926e-4,0,3.3333333333333335
24.3,80,0,37.49519334298167,37.5,75,49.99359112397556,24,-9.25925925925926e-4,0,3.3333333333333335
24.4,80,0,37.495104149544694,37.5,75,49.993472199392926,24,-9.25925925925926e-4,0,3.3333333333333335
24.5,80,0,37.49501397446925,37.5,75,49.99335196595901,24,-9.25925925925926e-4,0,3.3333333333333335
24.6,80,0,37.49492282900338,37.5,75,49.99323043867117,24,-9.25925925925926e-4,0,3.3333333333333335
24.7,80,0,37.494830724395094,37.5,75,49.99310763252679,24,-9.25925925925926e-4,0,3.3333333333333335
24.8,80,0,37.49473767189245,37.5,75,49.99298356252327,24,-9.25925925925926e-4,0,3.3333333333333335
24.9,80,0,37.494643682743465,37.5,75,49.992858243657956,24,-9.25925925925926e-4,0,3.3333333333333335
25,80,0,37.49455021946949,37.5,75,49.99273362595932,24,-9.25925925925926e-4,0,3.3333333333333335
25.1,80,0,37.49445764483991,37.5,75,49.99261019311989,24,-9.25925925925926e-4,0,3.3333333333333335
25.2,80,0,37.4943647243596,37.5,75,49.99248629914613,24,-9.25925925925926e-4,0,3.3333333333333335
25.3,80,0,37.49427149752039,37.5,75,49.99236199669385,24,-9.25925925925926e-4,0,3.3333333333333335
25.4,80,0,37.494178003814056,37.5,75,49.99223733841875,24,-9.25925925925926e-4,0,3.3333333333333335
25.5,80,0,37.494084282732445,37.5,75,49.99211237697659,24,-9.25925925925926e-4,0,3.3333333333333335
25.6,80,0,37.49399037376733,37.5,75,49.99198716502311,24,-9.25925925925926e-4,0,3.3333333333333335
25.7,80,0,37.493896316410535,37.5,75,49.991861755214046,24,-9.25925925925926e-4,0,3.3333333333333335
25.8,80,0,37.49380215015388,37.5,75,49.991736200205175,24,-9.25925925925926e-4,0,3.3333333333333335
25.9,80,0,37.49370791448915,37.5,75,49.9916105526522,24,-9.25925925925926e-4,0,3.3333333333333335
26,80,0,37.49361364890817,37.5,75,49.9914848652109,24,-9.25925925925926e-4,0,3.3333333333333335
26.1,80,0,37.49351939290274,37.5,75,49.99135919053699,24,-9.25925925925926e-4,0,3.3333333333333335
26.2,80,0,37.493425185964675,37.5,75,49.99123358128623,24,-9.25925925925926e-4,0,3.3333333333333335
26.3,80,0,37.49333106758577,37.5,75,49.99110809011436,24,-9.25925925925926e-4,0,3.3333333333333335
26.4,80,0,37.49323692237934,37.5,75,49.99098256317245,24,-9.25925925925926e-4,0,3.3333333333333335
26.5,80,0,37.493142116623666,37.5,75,49.99085615549822,24,-9.25925925925926e-4,0,3.3333333333333335
26.6,80,0,37.49304732355914,37.5,75,49.99072976474552,24,-9.25925925925926e-4,0,3.3333333333333335
26.7,80,0,37.49295257014647,37.5,75,49.99060342686196,24,-9.25925925925926e-4,0,3.3333333333333335
26.8,80,0,37.49285788334643,37.5,75,49.99047717779524,24,-9.25925925925926e-4,0,3.3333333333333335
26.9,80,0,37.49276329011975,37.5,75,49.990351053493,24,-9.25925925925926e-4,0,3.3333333333333335
27,80,0,37.492668817427166,37.5,75,49.99022508990289,24,-9.25925925925926e-4,0,3.3333333333333335
27.1,80,0,37.49257449222942,37.5,75,49.99009932297256,24,-9.25925925925926e-4,0,3.3333333333333335
27.2,80,0,37.492480341487244,37.5,75,49.989973788649664,24,-9.25925925925926e-4,0,3.3333333333333335
27.3,80,0,37.49238639216139,37.5,75,49.98984852288186,24,-9.25925925925926e-4,0,3.3333333333333335
27.4,80,0,37.49229267121261,37.5,75,49.98972356161681,24,-9.25925925925926e-4,0,3.3333333333333335
27.5,80,0,37.492199205601615,37.5,75,49.98959894080215,24,-9.25925925925926e-4,0,3.3333333333333335
27.6,80,0,37.492106022289164,37.5,75,49.98947469638555,24,-9.25925925925926e-4,0,3.3333333333333335
27.7,80,0,37.49201314823599,37.5,75,49.98935086431465,24,-9.25925925925926e-4,0,3.3333333333333335
27.8,80,0,37.49192061040285,37.5,75,49.98922748053714,24,-9.25925925925926e-4,0,3.3333333333333335
27.9,80,0,37.49182712131131,37.5,75,49.989102828415085,24,-9.25925925925926e-4,0,3.3333333333333335
28,80,0,37.49173348952095,37.5,75,49.98897798602794,24,-9.25925925925926e-4,0,3.3333333333333335
28.1,80,0,37.49163993790957,37.5,75,49.988853250546086,24,-9.25925925925926e-4,0,3.3333333333333335
28.2,80,0,37.49154647261089,37.5,75,49.988728630147854,24,-9.25925925925926e-4,0,3.3333333333333335
28.3,80,0,37.491453099758644,37.5,75,49.98860413301153,24,-9.25925925925926e-4,0,3.3333333333333335
28.4,80,0,37.49135982548654,37.5,75,49.98847976731538,24,-9.25925925925926e-4,0,3.3333333333333335
28.5,80,0,37.49126665592831,37.5,75,49.988355541237745,24,-9.25925925925926e-4,0,3.3333333333333335
28.6,80,0,37.49117359721767,37.5,75,49.98823146295689,24,-9.25925925925926e-4,0,3.3333333333333335
28.7,80,0,37.49108065548835,37.5,75,49.98810754065113,24,-9.25925925925926e-4,0,3.3333333333333335
28.8,80,0,37.49098783687407,37.5,75,49.98798378249876,24,-9.25925925925926e-4,0,3.3333333333333335
28.9,80,0,37.49089514750855,37.5,75,49.98786019667807,24,-9.25925925925926e-4,0,3.3333333333333335
29,80,0,37.490802593525515,37.5,75,49.987736791367354,24,-9.25925925925926e-4,0,3.3333333333333335
29.1,80,0,37.49071018105868,37.5,75,49.98761357474491,24,-9.25925925925926e-4,0,3.3333333333333335
29.2,80,0,37.49061791624178,37.5,75,49.98749055498904,24,-9.25925925925926e-4,0,3.3333333333333335
29.3,80,0,37.49052539593357,37.5,75,49.987367194578084,24,-9.25925925925926e-4,0,3.3333333333333335
29.4,80,0,37.49043254250579,37.5,75,49.98724339000773,24,-9.25925925925926e-4,0,3.3333333333333335
29.5,80,0,37.49033971027829,37.5,75,49.98711961370439,24,-9.25925925925926e-4,0,3.3333333333333335
29.6,80,0,37.490246899251055,37.5,75,49.98699586566807,24,-9.25925925925926e-4,0,3.3333333333333335
29.7,80,0,37.49015410942409,37.5,75,49.986872145898786,24,-9.25925925925926e-4,0,3.3333333333333335
29.8,80,0,37.49006134079739,37.5,75,49.98674845439652,24,-9.25925925925926e-4,0,3.3333333333333335
29.9,80,0,37.48996859337095,37.5,75,49.98662479116127,24,-9.25925925925926e-4,0,3.3333333333333335
30,80,0,37.48987586714479,37.5,75,49.98650115619305,24,-9.25925925925926e-4,0,3.3333333333333335
30.1,80,0,37.48978316211888,37.5,75,49.98637754949185,24,-9.25925925925926e-4,0,3.3333333333333335
30.2,80,0,37.48969047829325,37.5,75,49.986253971057664,24,-9.25925925925926e-4,0,3.3333333333333335
30.3,80,0,37.48959781566788,37.5,75,49.986130420890504,24,-9.25925925925926e-4,0,3.3333333333333335
30.4,80,0,37.48950517424278,37.5,75,49.98600689899037,24,-9.25925925925926e-4,0,3.3333333333333335
30.5,80,0,37.489412554017946,37.5,75,49.985883405357264,24,-9.25925925925926e-4,0,3.3333333333333335
30.6,80,0,37.489319954993384,37.5,75,49.98575993999118,24,-9.25925925925926e-4,0,3.3333333333333335
30.7,80,0,37.48922737290121,37.5,75,49.98563649720161,24,-9.25925925925926e-4,0,3.3333333333333335
30.8,80,0,37.48913478030862,37.5,75,49.98551304041149,24,-9.25925925925926e-4,0,3.3333333333333335
30.9,80,0,37.489042187716024,37.5,75,49.98538958362136,24,-9.25925925925926e-4,0,3.3333333333333335
31,80,0,37.48894959512344,37.5,75,49.98526612683125,24,-9.25925925925926e-4,0,3.3333333333333335
31.1,80,0,37.48885700253084,37.5,75,49.98514267004112,24,-9.25925925925926e-4,0,3.3333333333333335
31.2,80,0,37.48876440993825,37.5,75,49.985019213251,24,-9.25925925925926e-4,0,3.3333333333333335
31.3,80,0,37.488671817345654,37.5,75,49.98489575646087,24,-9.25925925925926e-4,0,3.3333333333333335
31.4,80,0,37.48857922475306,37.5,75,49.98477229967075,24,-9.25925925925926e-4,0,3.3333333333333335
31.5,80,0,37.48848663216047,37.5,75,49.98464884288063,24,-9.25925925925926e-4,0,3.3333333333333335
31.6,80,0,37.48839403956788,37.5,75,49.9845253860905,24,-9.25925925925926e-4,0,3.3333333333333335
31.7,80,0,37.488301446975285,37.5,75,49.98440192930038,24,-9.25925925925926e-4,0,3.3333333333333335
31.8,80,0,37.48820885438269,37.5,75,49.984278472510255,24,-9.25925925925926e-4,0,3.3333333333333335
31.9,80,0,37.4881162617901,37.5,75,49.98415501572013,24,-9.25925925925926e-4,0,3.3333333333333335
32,80,0,37.48802366919751,37.5,75,49.98403155893001,24,-9.25925925925926e-4,0,3.3333333333333335
32.1,80,0,37.487931076604916,37.5,75,49.98390810213989,24,-9.25925925925926e-4,0,3.3333333333333335
32.2,80,0,37.48783848401232,37.5,75,49.98378464534976,24,-9.25925925925926e-4,0,3.3333333333333335
32.3,80,0,37.48774589141973,37.5,75,49.98366118855964,24,-9.25925925925926e-4,0,3.3333333333333335
32.4,80,0,37.487653298827134,37.5,75,49.98353773176951,24,-9.25925925925926e-4,0,3.3333333333333335
32.5,80,0,37.48756070623455,37.5,75,49.983414274979395,24,-9.25925925925926e-4,0,3.3333333333333335
32.6,80,0,37.48746811364195,37.5,75,49.98329081818927,24,-9.25925925925926e-4,0,3.3333333333333335
32.7,80,0,37.48737552104936,37.5,75,49.98316736139915,24,-9.25925925925926e-4,0,3.3333333333333335
32.8,80,0,37.487282928456764,37.5,75,49.98304390460902,24,-9.25925925925926e-4,0,3.3333333333333335
32.9,80,0,37.48719033586418,37.5,75,49.9829204478189,24,-9.25925925925926e-4,0,3.3333333333333335
33,80,0,37.48709774327158,37.5,75,49.98279699102878,24,-9.25925925925926e-4,0,3.3333333333333335
33.1,80,0,37.48700515067899,37.5,75,49.98267353423865,24,-9.25925925925926e-4,0,3.3333333333333335
33.2,80,0,37.486912558086395,37.5,75,49.98255007744853,24,-9.25925925925926e-4,0,3.3333333333333335
33.3,80,0,37.4868199654938,37.5,75,49.9824266206584,24,-9.25925925925926e-4,0,3.3333333333333335
33.4,80,0,37.486727372901214,37.5,75,49.98230316386829,24,-9.25925925925926e-4,0,3.3333333333333335
33.5,80,0,37.48663478030862,37.5,75,49.98217970707816,24,-9.25925925925926e-4,0,3.3333333333333335
33.6,80,0,37.486542187716026,37.5,75,49.98205625028804,24,-9.25925925925926e-4,0,3.3333333333333335
33.7,80,0,37.48644959512344,37.5,75,49.98193279349792,24,-9.25925925925926e-4,0,3.3333333333333335
33.8,80,0,37.486357002530845,37.5,75,49.9818093367078,24,-9.25925925925926e-4,0,3.3333333333333335
33.9,80,0,37.48626440993825,37.5,75,49.98168587991767,24,-9.25925925925926e-4,0,3.3333333333333335
34,80,0,37.48617181734566,37.5,75,49.98156242312754,24,-9.25925925925926e-4,0,3.3333333333333335
34.1,80,0,37.48607922475307,37.5,75,49.98143896633743,24,-9.25925925925926e-4,0,3.3333333333333335
34.2,80,0,37.485986632160476,37.5,75,49.9813155095473,24,-9.25925925925926e-4,0,3.3333333333333335
34.3,80,0,37.48589403956788,37.5,75,49.98119205275717,24,-9.25925925925926e-4,0,3.3333333333333335
34.4,80,0,37.48580144697529,37.5,75,49.981068595967045,24,-9.25925925925926e-4,0,3.3333333333333335
34.5,80,0,37.48570885438269,37.5,75,49.980945139176924,24,-9.25925925925926e-4,0,3.3333333333333335
34.6,80,0,37.485616261790106,37.5,75,49.980821682386804,24,-9.25925925925926e-4,0,3.3333333333333335
34.7,80,0,37.48552366919751,37.5,75,49.98069822559668,24,-9.25925925925926e-4,0,3.3333333333333335
34.8,80,0,37.48543107660492,37.5,75,49.980574768806555,24,-9.25925925925926e-4,0,3.3333333333333335
34.9,80,0,37.485338484012324,37.5,75,49.980451312016434,24,-9.25925925925926e-4,0,3.3333333333333335
35,80,0,37.48524589141973,37.5,75,49.98032785522631,24,-9.25925925925926e-4,0,3.3333333333333335
35.1,80,0,37.48515329882714,37.5,75,49.98020439843619,24,-9.25925925925926e-4,0,3.3333333333333335
35.2,80,0,37.48506070623455,37.5,75,49.980080941646065,24,-9.25925925925926e-4,0,3.3333333333333335
35.3,80,0,37.484968113641955,37.5,75,49.979957484855944,24,-9.25925925925926e-4,0,3.3333333333333335
35.4,80,0,37.48487552104936,37.5,75,49.97983402806581,24,-9.25925925925926e-4,0,3.3333333333333335
35.5,80,0,37.48478292845677,37.5,75,49.97971057127569,24,-9.25925925925926e-4,0,3.3333333333333335
35.6,80,0,37.48469033586418,37.5,75,49.979587114485575,24,-9.25925925925926e-4,0,3.3333333333333335
35.7,80,0,37.484597743271586,37.5,75,49.97946365769545,24,-9.25925925925926e-4,0,3.3333333333333335
35.8,80,0,37.48450515067899,37.5,75,49.97934020090532,24,-9.25925925925926e-4,0,3.3333333333333335
35.9,80,0,37.4844125580864,37.5,75,49.9792167441152,24,-9.25925925925926e-4,0,3.3333333333333335
36,80,0,37.48431996549381,37.5,75,49.979093287325085,24,-9.25925925925926e-4,0,3.3333333333333335
36.1,80,0,37.484227372901216,37.5,75,49.97896983053495,24,-9.25925925925926e-4,0,3.3333333333333335
36.2,80,0,37.48413478030862,37.5,75,49.97884637374483,24,-9.25925925925926e-4,0,3.3333333333333335
36.3,80,0,37.48404218771603,37.5,75,49.9787229169547,24,-9.25925925925926e-4,0,3.3333333333333335
36.4,80,0,37.483949595123434,37.5,75,49.97859946016458,24,-9.25925925925926e-4,0,3.3333333333333335
36.5,80,0,37.48385700253085,37.5,75,49.97847600337446,24,-9.25925925925926e-4,0,3.3333333333333335
36.6,80,0,37.48376440993825,37.5,75,49.97835254658434,24,-9.25925925925926e-4,0,3.3333333333333335
36.7,80,0,37.48367181734566,37.5,75,49.97822908979421,24,-9.25925925925926e-4,0,3.3333333333333335
36.8,80,0,37.483579224753065,37.5,75,49.97810563300409,24,-9.25925925925926e-4,0,3.3333333333333335
36.9,80,0,37.48348663216047,37.5,75,49.977982176213956,24,-9.25925925925926e-4,0,3.3333333333333335
37,80,0,37.483394039567884,37.5,75,49.97785871942384,24,-9.25925925925926e-4,0,3.3333333333333335
37.1,80,0,37.48330144697529,37.5,75,49.97773526263372,24,-9.25925925925926e-4,0,3.3333333333333335
37.2,80,0,37.483208854382696,37.5,75,49.977611805843594,24,-9.25925925925926e-4,0,3.3333333333333335
37.3,80,0,37.4831162617901,37.5,75,49.977488349053466,24,-9.25925925925926e-4,0,3.3333333333333335
37.4,80,0,37.48302366919751,37.5,75,49.977364892263346,24,-9.25925925925926e-4,0,3.3333333333333335
37.5,80,0,37.48293107660492,37.5,75,49.97724143547323,24,-9.25925925925926e-4,0,3.3333333333333335
37.6,80,0,37.482838484012326,37.5,75,49.9771179786831,24,-9.25925925925926e-4,0,3.3333333333333335
37.7,80,0,37.48274589141973,37.5,75,49.976994521892976,24,-9.25925925925926e-4,0,3.3333333333333335
37.8,80,0,37.48265329882714,37.5,75,49.97687106510285,24,-9.25925925925926e-4,0,3.3333333333333335
37.9,80,0,37.482560706234544,37.5,75,49.97674760831273,24,-9.25925925925926e-4,0,3.3333333333333335
38,80,0,37.48246811364196,37.5,75,49.97662415152261,24,-9.25925925925926e-4,0,3.3333333333333335
38.1,80,0,37.48237552104936,37.5,75,49.976500694732486,24,-9.25925925925926e-4,0,3.3333333333333335
38.2,80,0,37.48228292845677,37.5,75,49.97637723794236,24,-9.25925925925926e-4,0,3.3333333333333335
38.3,80,0,37.482190335864175,37.5,75,49.97625378115224,24,-9.25925925925926e-4,0,3.3333333333333335
38.4,80,0,37.48209774327159,37.5,75,49.97613032436212,24,-9.25925925925926e-4,0,3.3333333333333335
38.5,80,0,37.482005150678994,37.5,75,49.97600686757199,24,-9.25925925925926e-4,0,3.3333333333333335
38.6,80,0,37.4819125580864,37.5,75,49.97588341078187,24,-9.25925925925926e-4,0,3.3333333333333335
38.7,80,0,37.481819965493806,37.5,75,49.97575995399174,24,-9.25925925925926e-4,0,3.3333333333333335
38.8,80,0,37.48172737290121,37.5,75,49.97563649720161,24,-9.25925925925926e-4,0,3.3333333333333335
38.9,80,0,37.481634780308624,37.5,75,49.9755130404115,24,-9.25925925925926e-4,0,3.3333333333333335
39,80,0,37.48154218771603,37.5,75,49.97538958362137,24,-9.25925925925926e-4,0,3.3333333333333335
39.1,80,0,37.481449595123436,37.5,75,49.975266126831244,24,-9.25925925925926e-4,0,3.3333333333333335
39.2,80,0,37.48135700253084,37.5,75,49.97514267004112,24,-9.25925925925926e-4,0,3.3333333333333335
39.3,80,0,37.48126440993825,37.5,75,49.975019213250995,24,-9.25925925925926e-4,0,3.3333333333333335
39.4,80,0,37.481171817345654,37.5,75,49.974895756460874,24,-9.25925925925926e-4,0,3.3333333333333335
39.5,80,0,37.48107922475307,37.5,75,49.974772299670754,24,-9.25925925925926e-4,0,3.3333333333333335
39.6,80,0,37.48098663216047,37.5,75,49.97464884288063,24,-9.25925925925926e-4,0,3.3333333333333335
39.7,80,0,37.48089403956788,37.5,75,49.974525386090505,24,-9.25925925925926e-4,0,3.3333333333333335
39.8,80,0,37.480801446975285,37.5,75,49.97440192930038,24,-9.25925925925926e-4,0,3.3333333333333335
39.9,80,0,37.48070885438269,37.5,75,49.97427847251025,24,-9.25925925925926e-4,0,3.3333333333333335
40,80,0,37.480616261790104,37.5,75,49.97415501572014,24,-9.25925925925926e-4,0,3.3333333333333335
40.1,80,0,37.48052366919751,37.5,75,49.974031558930015,24,-9.25925925925926e-4,0,3.3333333333333335
40.2,80,0,37.480431076604916,37.5,75,49.97390810213989,24,-9.25925925925926e-4,0,3.3333333333333335
40.3,80,0,37.48033848401232,37.5,75,49.97378464534976,24,-9.25925925925926e-4,0,3.3333333333333335
40.4,80,0,37.48024589141973,37.5,75,49.97366118855964,24,-9.25925925925926e-4,0,3.3333333333333335
40.5,80,0,37.48015329882714,37.5,75,49.97353773176952,24,-9.25925925925926e-4,0,3.3333333333333335
40.6,80,0,37.480060706234546,37.5,75,49.9734142749794,24,-9.25925925925926e-4,0,3.3333333333333335
40.7,80,0,37.47996811364195,37.5,75,49.97329081818927,24,-9.25925925925926e-4,0,3.3333333333333335
40.8,80,0,37.47987552104936,37.5,75,49.97316736139915,24,-9.25925925925926e-4,0,3.3333333333333335
40.9,80,0,37.47978292845677,37.5,75,49.97304390460903,24,-9.25925925925926e-4,0,3.3333333333333335
41,80,0,37.47969033586418,37.5,75,49.9729204478189,24,-9.25925925925926e-4,0,3.3333333333333335
41.1,80,0,37.47959774327158,37.5,75,49.97279699102878,24,-9.25925925925926e-4,0,3.3333333333333335
41.2,80,0,37.47950515067899,37.5,75,49.97267353423865,24,-9.25925925925926e-4,0,3.3333333333333335
41.3,80,0,37.479412558086395,37.5,75,49.972550077448524,24,-9.25925925925926e-4,0,3.3333333333333335
41.4,80,0,37.47931996549381,37.5,75,49.97242662065841,24,-9.25925925925926e-4,0,3.3333333333333335
41.5,80,0,37.479227372901214,37.5,75,49.97230316386829,24,-9.25925925925926e-4,0,3.3333333333333335
41.6,80,0,37.47913478030862,37.5,75,49.972179707078155,24,-9.25925925925926e-4,0,3.3333333333333335
41.7,80,0,37.479042187716026,37.5,75,49.972056250288034,24,-9.25925925925926e-4,0,3.3333333333333335
41.8,80,0,37.47894959512343,37.5,75,49.971932793497906,24,-9.25925925925926e-4,0,3.3333333333333335
41.9,80,0,37.478857002530845,37.5,75,49.97180933670779,24,-9.25925925925926e-4,0,3.3333333333333335
42,80,0,37.47876440993825,37.5,75,49.971685879917665,24,-9.25925925925926e-4,0,3.3333333333333335
42.1,80,0,37.478671817345656,37.5,75,49.971562423127544,24,-9.25925925925926e-4,0,3.3333333333333335
42.2,80,0,37.47857922475307,37.5,75,49.97143896633743,24,-9.25925925925926e-4,0,3.3333333333333335
42.3,80,0,37.478486632160475,37.5,75,49.971315509547296,24,-9.25925925925926e-4,0,3.3333333333333335
42.4,80,0,37.47839403956788,37.5,75,49.971192052757175,24,-9.25925925925926e-4,0,3.3333333333333335
42.5,80,0,37.47830144697529,37.5,75,49.97106859596705,24,-9.25925925925926e-4,0,3.3333333333333335
42.6,80,0,37.4782088543827,37.5,75,49.97094513917693,24,-9.25925925925926e-4,0,3.3333333333333335
42.7,80,0,37.478116261790106,37.5,75,49.970821682386806,24,-9.25925925925926e-4,0,3.3333333333333335
42.8,80,0,37.47802366919751,37.5,75,49.970698225596685,24,-9.25925925925926e-4,0,3.3333333333333335
42.9,80,0,37.47793107660492,37.5,75,49.97057476880656,24,-9.25925925925926e-4,0,3.3333333333333335
43,80,0,37.477838484012324,37.5,75,49.970451312016436,24,-9.25925925925926e-4,0,3.3333333333333335
43.1,80,0,37.47774589141974,37.5,75,49.970327855226316,24,-9.25925925925926e-4,0,3.3333333333333335
43.2,80,0,37.47765329882714,37.5,75,49.97020439843619,24,-9.25925925925926e-4,0,3.3333333333333335
43.3,80,0,37.47756070623455,37.5,75,49.97008094164607,24,-9.25925925925926e-4,0,3.3333333333333335
43.4,80,0,37.477468113641955,37.5,75,49.96995748485594,24,-9.25925925925926e-4,0,3.3333333333333335
43.5,80,0,37.47737552104936,37.5,75,49.96983402806581,24,-9.25925925925926e-4,0,3.3333333333333335
43.6,80,0,37.47728292845677,37.5,75,49.9697105712757,24,-9.25925925925926e-4,0,3.3333333333333335
43.7,80,0,37.47719033586418,37.5,75,49.96958711448558,24,-9.25925925925926e-4,0,3.3333333333333335
43.8,80,0,37.477097743271585,37.5,75,49.96946365769544,24,-9.25925925925926e-4,0,3.3333333333333335
43.9,80,0,37.47700515067899,37.5,75,49.96934020090532,24,-9.25925925925926e-4,0,3.3333333333333335
44,80,0,37.4769125580864,37.5,75,49.969216744115194,24,-9.25925925925926e-4,0,3.3333333333333335
44.1,80,0,37.47681996549381,37.5,75,49.96909328732508,24,-9.25925925925926e-4,0,3.3333333333333335
44.2,80,0,37.476727372901216,37.5,75,49.96896983053495,24,-9.25925925925926e-4,0,3.3333333333333335
44.3,80,0,37.47663478030862,37.5,75,49.96884637374483,24,-9.25925925925926e-4,0,3.3333333333333335
44.4,80,0,37.47654218771603,37.5,75,49.968722916954704,24,-9.25925925925926e-4,0,3.3333333333333335
44.5,80,0,37.47644959512344,37.5,75,49.96859946016458,24,-9.25925925925926e-4,0,3.3333333333333335
44.6,80,0,37.47635700253085,37.5,75,49.96847600337446,24,-9.25925925925926e-4,0,3.3333333333333335
44.7,80,0,37.47626440993825,37.5,75,49.96835254658434,24,-9.25925925925926e-4,0,3.3333333333333335
44.8,80,0,37.47617181734566,37.5,75,49.968229089794214,24,-9.25925925925926e-4,0,3.3333333333333335
44.9,80,0,37.476079224753065,37.5,75,49.968105633004086,24,-9.25925925925926e-4,0,3.3333333333333335
45,80,0,37.47598663216048,37.5,75,49.96798217621397,24,-9.25925925925926e-4,0,3.3333333333333335
45.1,80,0,37.47589403956788,37.5,75,49.967858719423845,24,-9.25925925925926e-4,0,3.3333333333333335
45.2,80,0,37.47580144697529,37.5,75,49.96773526263372,24,-9.25925925925926e-4,0,3.3333333333333335
45.3,80,0,37.475708854382695,37.5,75,49.96761180584359,24,-9.25925925925926e-4,0,3.3333333333333335
45.4,80,0,37.4756162617901,37.5,75,49.96748834905347,24,-9.25925925925926e-4,0,3.3333333333333335
45.5,80,0,37.475523669197514,37.5,75,49.96736489226335,24,-9.25925925925926e-4,0,3.3333333333333335
45.6,80,0,37.47543107660492,37.5,75,49.96724143547323,24,-9.25925925925926e-4,0,3.3333333333333335
45.7,80,0,37.475338484012326,37.5,75,49.9671179786831,24,-9.25925925925926e-4,0,3.3333333333333335
45.8,80,0,37.47524589141973,37.5,75,49.96699452189298,24,-9.25925925925926e-4,0,3.3333333333333335
45.9,80,0,37.47515329882714,37.5,75,49.96687106510285,24,-9.25925925925926e-4,0,3.3333333333333335
46,80,0,37.47506070623455,37.5,75,49.96674760831274,24,-9.25925925925926e-4,0,3.3333333333333335
46.1,80,0,37.47496811364196,37.5,75,49.96662415152261,24,-9.25925925925926e-4,0,3.3333333333333335
46.2,80,0,37.47487552104936,37.5,75,49.96650069473249,24,-9.25925925925926e-4,0,3.3333333333333335
46.3,80,0,37.47478292845677,37.5,75,49.96637723794235,24,-9.25925925925926e-4,0,3.3333333333333335
46.4,80,0,37.47469033586418,37.5,75,49.96625378115224,24,-9.25925925925926e-4,0,3.3333333333333335
46.5,80,0,37.47459774327159,37.5,75,49.96613032436212,24,-9.25925925925926e-4,0,3.3333333333333335
46.6,80,0,37.47450515067899,37.5,75,49.96600686757199,24,-9.25925925925926e-4,0,3.3333333333333335
46.7,80,0,37.4744125580864,37.5,75,49.96588341078186,24,-9.25925925925926e-4,0,3.3333333333333335
46.8,80,0,37.474319965493805,37.5,75,49.96575995399174,24,-9.25925925925926e-4,0,3.3333333333333335
46.9,80,0,37.47422737290122,37.5,75,49.96563649720163,24,-9.25925925925926e-4,0,3.3333333333333335
47,80,0,37.474134780308624,37.5,75,49.965513040411494,24,-9.25925925925926e-4,0,3.3333333333333335
47.1,80,0,37.47404218771603,37.5,75,49.96538958362137,24,-9.25925925925926e-4,0,3.3333333333333335
47.2,80,0,37.473949595123436,37.5,75,49.965266126831246,24,-9.25925925925926e-4,0,3.3333333333333335
47.3,80,0,37.47385700253084,37.5,75,49.965142670041125,24,-9.25925925925926e-4,0,3.3333333333333335
47.4,80,0,37.473764409938255,37.5,75,49.965019213251004,24,-9.25925925925926e-4,0,3.3333333333333335
47.5,80,0,37.47367181734566,37.5,75,49.96489575646088,24,-9.25925925925926e-4,0,3.3333333333333335
47.6,80,0,37.47357922475307,37.5,75,49.964772299670756,24,-9.25925925925926e-4,0,3.3333333333333335
47.7,80,0,37.47348663216047,37.5,75,49.964648842880635,24,-9.25925925925926e-4,0,3.3333333333333335
47.8,80,0,37.47339403956788,37.5,75,49.9645253860905,24,-9.25925925925926e-4,0,3.3333333333333335
47.9,80,0,37.47330326652297,37.5,75,49.96440435536395,24,-9.25925925925926e-4,0,3.3333333333333335
48,80,0,37.47321970090366,37.5,75,49.96429293453822,24,-9.25925925925926e-4,0,3.3333333333333335
48,80,0,37.47321970090366,37.5,75,49.96429293453822,24,-9.25925925925926e-4,0,3.3333333333333335
