"time","P_elec","P_in","Q","Q_0","Q_max","SOC","V","V_max","V_min","der(Q)","i_in","i_out"
0,120,0,37.5,37.5,75,50,24,26,22,-0.001388888888888889,0,5
0.096,120,1.2566039883352607,37.49986736477768,37.5,75,49.99982315303691,23.999992926121475,26,22,-0.0013743452663274307,0.052358514946376465,5.000001473725127
0.192,120,2.5130095443337477,37.49973612557948,37.5,75,49.99964816743931,23.999985926697573,26,22,-0.0013598039276460781,0.10470879241384376,5.000002931939725
0.288,120,3.7690182669934535,37.499606281674076,37.5,75,49.9994750422321,23.999979001689283,26,22,-0.0013452671692942523,0.15704256519258472,5.000004374651893
0.384,120,5.024431817976955,37.499477833003475,37.5,75,49.999303777337964,23.99997215109352,26,22,-0.001330737286996583,0.20935156867455054,5.000005801862249
0.48,120,6.2790519529313364,37.499350775680746,37.5,75,49.99913436757433,23.999965374702974,26,22,-0.0013162165754036135,0.2616275421609456,5.000007213613954
0.576,120,7.532680552793271,37.499225110417136,37.5,75,49.99896681388952,23.999958672555582,26,22,-0.0013017073277044073,0.3138622301632143,5.00000860989908
0.672,120,8.785119655074316,37.49910083748365,37.5,75,49.99880111664487,23.999952044665793,26,22,-0.0012872118352795277,0.3660473837082891,5.000009990714589
0.768,120,10.036171485121487,37.49897795688032,37.5,75,49.99863727584042,23.999945491033618,26,22,-0.0012727323873386043,0.41817476164147965,5.000011356060455
0.864,120,11.285638487348166,37.498856445452084,37.5,75,49.998475260602774,23.99993901042411,26,22,-0.001258271270622731,0.4702361319521009,5.000012706193933
0.96,120,12.533323356430422,37.49873631033129,37.5,75,49.99831508044172,23.99993260321767,26,22,-0.00124383076889189,0.5222232730249451,5.000014041035749
1.056,120,13.779029068463808,37.49861755587017,37.5,75,49.99815674116023,23.99992626964641,26,22,-0.0012294131626594687,0.5741279749634337,5.000015360537521
1.152,120,15.022558912075704,37.49850018206873,37.5,75,49.99800024275831,23.999920009710333,26,22,-0.0012150207288358851,0.6259420408900362,5.000016664699223
1.248,120,16.26371651948836,37.49838418892697,37.5,75,49.997845585235964,23.99991382340944,26,22,-0.0012006557403566778,0.6776572882367928,5.000017953520833
1.344,120,17.502305897527602,37.49826957644488,37.5,75,49.997692768593176,23.999907710743727,26,22,-0.0011863204658235297,0.7292655500376184,5.000019227002325
1.44,120,18.73813145857246,37.49815634462248,37.5,75,49.99754179282998,23.9999016717132,26,22,-0.001172017169145981,0.7807586762181458,5.000020485143678
1.536,120,19.9709980514407,37.498044493459744,37.5,75,49.99739265794633,23.999895706317854,26,22,-0.0011577481091838797,0.8321285348829008,5.000021727944867
1.632,120,21.20071099220546,37.497933897147355,37.5,75,49.997245196196474,23.999889807847858,26,22,-0.0011435155397103301,0.883367013846577,5.0000229568037655
1.728,120,22.427076094938116,37.497824565969815,37.5,75,49.997099421293086,23.999883976851724,26,22,-0.0011293217083786801,0.9344660214428283,5.000024171606077
1.824,120,23.64989970237247,37.497716569157255,37.5,75,49.99695542554301,23.99987821702172,26,22,-0.0011151688565802342,0.9854174878937081,5.000025371582551
1.92,120,24.868988716485475,37.4976099067097,37.5,75,49.996813208946264,23.99987252835785,26,22,-0.0011010592194130905,1.03621336684604,5.000026556733165
2.016,120,26.08415062898969,37.497504578627144,37.5,75,49.99667277150286,23.999866910860113,26,22,-0.0010869950251510296,1.0868456365141934,5.0000277270579
2.112,120,27.29519355173252,37.497400584909585,37.5,75,49.99653411321278,23.99986136452851,26,22,-0.0010729784948915952,1.1373063009469908,5.000028882556733
2.208,120,28.501926246997613,37.49729792555702,37.5,75,49.99639723407603,23.99985588936304,26,22,-0.0010590118422053063,1.1875873912905424,5.000030023229645
2.304,120,29.704158157703485,37.497196600569445,37.5,75,49.996262134092596,23.999850485363705,26,22,-0.0010450972727860603,1.2376809670467968,5.000031149076613
2.4,120,30.901699437494734,37.49709660994688,37.5,75,49.99612881326251,23.9998451525305,26,22,-0.0010312369841027787,1.287579117327618,5.000032260097621
2.496,120,32.09436098072095,37.4969979536893,37.5,75,49.995997271585736,23.99983989086343,26,22,-0.0010174331650523508,1.3372739621041825,5.000033356292645
2.592,120,33.28195445229866,37.49690063179672,37.5,75,49.99586750906229,23.99983470036249,26,22,-0.0010036879956139351,1.3867576534515038,5.00003443766167
2.688,120,34.46429231745171,37.49680464426914,37.5,75,49.99573952569219,23.999829581027686,26,22,-9.900036465046618e-4,1.4360223767878908,5.000035504204673
2.784,120,35.641187871325066,37.49670999110655,37.5,75,49.995613321475396,23.999824532859016,26,22,-9.76382278836806e-4,1.485060352109135,5.000036555921636
2.88,120,36.812455268467794,37.49661667230896,37.5,75,49.99548889641195,23.99981955585648,26,22,-9.628260437764722e-4,1.5338638352172425,5.000037592812542
2.976,120,37.97790955218011,37.49652468787637,37.5,75,49.995366250501824,23.999814650020074,26,22,-9.493370822038513e-4,1.5824251189435057,5.00003861487737
3.072,120,39.13736668372024,37.496434037808775,37.5,75,49.995245383745036,23.999809815349803,26,22,-9.359175243751033e-4,1.630736534365733,5.0000396221161045
3.168,120,40.29064357136626,37.49634457321628,37.5,75,49.9951260976217,23.999805043904868,26,22,-9.225694898911641e-4,1.6787904525748933,5.000040616183084
3.264,120,41.437558099328406,37.496255905450866,37.5,75,49.99500787393449,23.99980031495738,26,22,-9.092950875246934e-4,1.7265792863077825,5.000041601396679
3.36,120,42.57792915650726,37.49616849513977,37.5,75,49.99489132685302,23.99979565307412,26,22,-8.960964126835965e-4,1.77409548697776,5.000042572638708
3.456,120,43.71157666509328,37.49608234228299,37.5,75,49.99477645637732,23.99979105825509,26,22,-8.829755497747015e-4,1.8213315507202312,5.000043529909156
3.552,120,44.838321609003216,37.49599744688053,37.5,75,49.99466326250737,23.999786530500295,26,22,-8.699345709165307e-4,1.868280017908498,5.000044473208009
3.648,120,45.957986062148784,37.49591380893238,37.5,75,49.99455174524317,23.999782069809726,26,22,-8.569755356120457e-4,1.9149334743318835,5.000045402535248
3.744,120,47.070393216533255,37.49583142843856,37.5,75,49.99444190458474,23.99977767618339,26,22,-8.441004904233823e-4,1.9612845523666833,5.00004631789086
3.84,120,48.17536741017152,37.49575030539904,37.5,75,49.994333740532056,23.999773349621282,26,22,-8.313114686486297e-4,2.0073259321397603,5.000047219274827
3.936,120,49.27273415482915,37.49567043981385,37.5,75,49.994227253085135,23.999769090123404,26,22,-8.186104900007044e-4,2.053050342684601,5.000048106687137
4.032,120,50.36232016357608,37.49559183168297,37.5,75,49.99412244224396,23.999764897689758,26,22,-8.0599956028837e-4,2.0984505630896413,5.000048980127773
4.128,120,51.44395337815064,37.49551448100642,37.5,75,49.99401930800856,23.999760772320343,26,22,-7.934806710994519e-4,2.143519423638694,5.000049839596721
4.224,120,52.517462996129574,37.495438387784176,37.5,75,49.9939178503789,23.999756714015156,26,22,-7.810557994862992e-4,2.188249806943289,5.000050685093966
4.32,120,53.58267949789967,37.49536355201625,37.5,75,49.993818069355,23.9997527227742,26,22,-7.687269076535412e-4,2.2326346490667466,5.000051516619495
4.416,120,54.63943467342691,37.49528997370265,37.5,75,49.99371996493686,23.999748798597473,26,22,-7.564959426481894e-4,2.276666940639812,5.000052334173294
4.512,120,55.68756164881879,37.49521765284335,37.5,75,49.99362353712447,23.99974494148498,26,22,-7.443648360521317e-4,2.320339727967673,5.000053137755347
4.608,120,56.72689491267564,37.495146589438384,37.5,75,49.993528785917846,23.999741151436712,26,22,-7.323355036770724e-4,2.3636461141281835,5.000053927365644
4.704,120,57.757270342226754,37.495076783487725,37.5,75,49.99343571131697,23.99973742845268,26,22,-7.204098452619588e-4,2.4065792600611173,5.000054703004169
4.8,120,58.7785252292473,37.4950072102013,37.5,75,49.993342946935066,23.9997337178774,26,22,-7.085897457866472e-4,2.44913239122579,5.00005547605772
4.896,120,59.79049830575188,37.49493858259384,37.5,75,49.993251443458455,23.99973005773834,26,22,-6.968770707628405e-4,2.491298783857503,5.000056238603729
4.992,120,60.79302976946054,37.49487107235417,37.5,75,49.99316142980556,23.99972645719222,26,22,-6.852736696365826e-4,2.533071778042792,5.00005698873449
5.088,120,61.78596130903343,37.494804679482314,37.5,75,49.99307290597642,23.999722916239058,26,22,-6.737813748718197e-4,2.57444477691144,5.000057726449991
5.184,120,62.76913612907005,37.494739403978244,37.5,75,49.992985871970994,23.99971943487884,26,22,-6.624020013861335e-4,2.6154112467601407,5.000058451750221
5.28,120,63.74239897486896,37.49467524584199,37.5,75,49.99290032778932,23.999716013111573,26,22,-6.511373462641099e-4,2.655964718084376,5.0000591646351715
5.376,120,64.70559615694442,37.49461220507353,37.5,75,49.99281627343137,23.999712650937255,26,22,-6.399891884735195e-4,2.6960987866001593,5.00005986510483
5.472,120,65.65857557529564,37.49455028167287,37.5,75,49.99273370889716,23.999709348355886,26,22,-6.289592885843642e-4,2.7358071142554743,5.0000605531591855
5.568,120,66.60118674342515,37.494489475640016,37.5,75,49.99265263418669,23.99970610536747,26,22,-6.180493884908258e-4,2.775083430231255,5.000061228798228
5.664,120,67.53328081210243,37.49442978697497,37.5,75,49.99257304929996,23.999702921972,26,22,-6.072612111361652e-4,2.813921531931754,5.000061892021948
5.76,120,68.45471059286886,37.49437121567772,37.5,75,49.99249495423695,23.999699798169477,26,22,-5.965964602406151e-4,2.8523152859641225,5.000062542830337
5.856,120,69.36533058128049,37.494313761748266,37.5,75,49.99241834899769,23.999696733959908,26,22,-5.86056820032308e-4,2.890258629107074,5.000063181223383
5.952,120,70.26499697988491,37.49425742518662,37.5,75,49.99234323358216,23.999693729343285,26,22,-5.756439549812816e-4,2.927745569268463,5.000063807201077
6.048,120,71.15356772092854,37.49420220599277,37.5,75,49.992269607990366,23.999690784319615,26,22,-5.653595095366078e-4,2.964770186431622,5.00006442076341
6.144,120,72.03090248879069,37.49414810416673,37.5,75,49.99219747222231,23.999687898888894,26,22,-5.552051078666795e-4,3.001326633590326,5.000065021910372
6.24,120,72.89686274214114,37.49409511970848,37.5,75,49.992126826277975,23.99968507305112,26,22,-5.451823536027036e-4,3.0374091376722236,5.000065610641957
6.336,120,73.75131173581738,37.49404252091749,37.5,75,49.99205669455665,23.999682267782266,26,22,-5.352928304558332e-4,3.073012005447375,5.000066195088374
6.432,120,74.59411454241821,37.49399006082705,37.5,75,49.9919867477694,23.999679469910777,26,22,-5.25538100467234e-4,3.108129616311727,5.000066777993769
6.528,120,75.42513807361037,37.49393853132187,37.5,75,49.99191804176249,23.9996767216705,26,22,-5.159197031801494e-4,3.1427564191106487,5.000067350559187
6.624,120,76.24425110114478,37.49388793240194,37.5,75,49.99185057653592,23.999674023061438,26,22,-5.064391575671917e-4,3.176886945542727,5.000067912784617
6.72,120,77.05132427757891,37.49383826406726,37.5,75,49.991784352089674,23.999671374083587,26,22,-4.970979608310606e-4,3.210515805678238,5.000068464670056
6.816,120,77.84623015670233,37.49378952631783,37.5,75,49.99171936842377,23.99966877473695,26,22,-4.87897588168088e-4,3.243637688810377,5.000069006215494
6.912,120,78.62884321366188,37.49374171915366,37.5,75,49.991655625538215,23.999666225021528,26,22,-4.7883949253526436e-4,3.276247364293974,5.000069537420925
7.008,120,79.39903986478353,37.49369484257475,37.5,75,49.991593123433,23.99966372493732,26,22,-4.6992510442077156e-4,3.308339682371566,5.000070058286344
7.104,120,80.15669848708765,37.49364889658108,37.5,75,49.991531862108104,23.999661274484325,26,22,-4.6115583161806823e-4,3.339909574986698,5.0000705688117435
7.2,120,80.90169943749474,37.49360388117267,37.5,75,49.99147184156356,23.999658873662543,26,22,-4.5253305900355614e-4,3.3709520565843145,5.000071068997117
7.296,120,81.6339250717184,37.49355979634951,37.5,75,49.99141306179934,23.999656522471973,26,22,-4.440581483178694e-4,3.401462224898128,5.000071558842458
7.392,120,82.35325976284274,37.4935166421116,37.5,75,49.99135552281547,23.999654220912618,26,22,-4.357324379508138e-4,3.431435261724831,5.000072038347761
7.488,120,83.05958991958126,37.493474418458945,37.5,75,49.99129922461192,23.999651968984477,26,22,-4.2755724272999687e-4,3.4608664336850317,5.00007250751302
7.584,120,83.75280400421417,37.49343312539155,37.5,75,49.99124416718873,23.99964976668755,26,22,-4.1953385371317593e-4,3.489751092970795,5.000072966338228
7.68,120,84.4327925502015,37.4933927629094,37.5,75,49.991190350545864,23.999647614021836,26,22,-4.1166353798436484e-4,3.518084678079669,5.000073414823382
7.776,120,85.09944817946918,37.49335333101251,37.5,75,49.991137774683345,23.999645510987335,26,22,-4.0394753845372105e-4,3.545862714535079,5.000073852968475
7.872,120,85.75266561936522,37.49331474731416,37.5,75,49.99108632975221,23.99964345319009,26,22,-3.963870737338271e-4,3.5730808162471583,5.000074281688936
7.968,120,86.39234171928352,37.49327605718513,37.5,75,49.991034742913506,23.99964138971654,26,22,-3.8898333862323663e-4,3.5997346925484166,5.0000747115920685
8.064,120,87.01837546695256,37.493238100576995,37.5,75,49.99098413410266,23.999639365364107,26,22,-3.817375015856603e-4,3.625820127636421,5.000075133344798
8.16,120,87.63066800438637,37.49320086620638,37.5,75,49.99093448827517,23.999637379531006,26,22,-3.7465070691282203e-4,3.651333002186336,5.000075547072496
8.256,120,88.22912264349533,37.493164342789896,37.5,75,49.99088579038653,23.99963543161546,26,22,-3.677240737796551e-4,3.6762692872937723,5.000075952900531
8.352,120,88.81364488135445,37.49312851904415,37.5,75,49.9908380253922,23.99963352101569,26,22,-3.609586960675959e-4,3.7006250451109293,5.0000763509542745
8.448,120,89.38414241512638,37.49309338368577,37.5,75,49.99079117824769,23.999631647129906,26,22,-3.54355642191873e-4,3.7243964294683556,5.0000767413590985
8.544,120,89.9405251566371,37.49305892543135,37.5,75,49.99074523390847,23.99962980935634,26,22,-3.47915954932819e-4,3.7475796864822253,5.000077124240374
8.64,120,90.48270524660195,37.49302513299751,37.5,75,49.99070017733001,23.9996280070932,26,22,-3.4164065127122975e-4,3.7701711551470454,5.0000774997234725
8.736,120,91.01059706849956,37.49299199510087,37.5,75,49.99065599346783,23.999626239738713,26,22,-3.355307222278e-4,3.792167267913686,5.000077867933766
8.832,120,91.52411726209175,37.49295950045804,37.5,75,49.99061266727739,23.999624506691095,26,22,-3.295871327066571e-4,3.813564551252659,5.000078228996625
8.928,120,92.02318473658703,37.49292763778564,37.5,75,49.99057018371419,23.99962280734857,26,22,-3.238108213430224e-4,3.8343596262025406,5.000078583037421
9.024,120,92.5077206834458,37.492896395800265,37.5,75,49.99052852773369,23.999621141109348,26,22,-3.182027003550187e-4,3.8545492089034603,5.000078930181528
9.12,120,92.97764858882513,37.49286576321854,37.5,75,49.99048768429139,23.999619507371655,26,22,-3.1276365539965195e-4,3.8741301111155693,5.000079270554316
9.216,120,93.43289424566119,37.492835728757086,37.5,75,49.990447638342786,23.99961790553371,26,22,-3.074945454329862e-4,3.8930992407224077,5.000079604281158
9.312,120,93.87338576538741,37.492806281132495,37.5,75,49.99040837484333,23.999616334993732,26,22,-3.0239620257453735e-4,3.9114536022190927,5.000079931487427
9.408,120,94.29905358928644,37.49277740906139,37.5,75,49.99036987874852,23.99961479514994,26,22,-2.974694319759045e-4,3.9291902971852384,5.000080252298495
9.504,120,94.70983049947442,37.4927487418617,37.5,75,49.99033165581561,23.999613266232625,26,22,-2.9271501192744404e-4,3.946306527894382,5.00008057083318
9.6,120,95.10565162951535,37.49272039250369,37.5,75,49.99029385667159,23.999611754266862,26,22,-2.881336931773342e-4,3.962799590397817,5.00008088583622
9.696,120,95.4864544746643,37.49269248698719,37.5,75,49.99025664931625,23.99961026597265,26,22,-2.837261991348498e-4,3.9786668790221063,5.0000811959075655
9.792,120,95.85217890173759,37.4926650086164,37.5,75,49.99022001148853,23.99960880045954,26,22,-2.794932258530077e-4,3.993905888161903,5.000081501232731
9.888,120,96.20276715860858,37.492637940695516,37.5,75,49.99018392092736,23.999607356837096,26,22,-2.7543544182437996e-4,4.008514211429462,5.00008180199723
9.984,120,96.53816388332739,37.49261126652875,37.5,75,49.99014835537166,23.999605934214866,26,22,-2.7155348787558873e-4,4.022489542034457,5.000082098386576
10.08,120,96.85831611286311,37.492584969420285,37.5,75,49.99011329256038,23.999604531702417,26,22,-2.678479770661747e-4,4.035829673148053,5.000082390586282
10.176,120,97.16317329146739,37.49255903267434,37.5,75,49.99007871023245,23.9996031484093,26,22,-2.643194945918448e-4,4.048532498251221,5.000082678781863
10.272,120,97.4526872786577,37.492533439595114,37.5,75,49.99004458612682,23.999601783445073,26,22,-2.609685976921249e-4,4.060596011467181,5.000082963158831
10.368,120,97.72681235681935,37.49250817348681,37.5,75,49.990010897982415,23.999600435919298,26,22,-2.577958155624264e-4,4.072018307877964,5.000083243902699
10.464,120,97.98550523842468,37.492483217653614,37.5,75,49.98997762353815,23.999599104941527,26,22,-2.548016492705421e-4,4.082797583825032,5.000083521198984
10.56,120,98.22872507286885,37.49245855539975,37.5,75,49.989944740533,23.99959778962132,26,22,-2.519865716775817e-4,4.092932137193903,5.000083795233197
10.656,120,98.45643345292054,37.4924341700294,37.5,75,49.98991222670586,23.999596489068235,26,22,-2.493510273633665e-4,4.102420367682733,5.000084066190852
10.752,120,98.6685944207868,37.49241004484678,37.5,75,49.9898800597957,23.999595202391827,26,22,-2.468954325562874e-4,4.111260777054831,5.0000843342574655
10.848,120,98.86517447379141,37.492386163156084,37.5,75,49.98984821754144,23.999593928701657,26,22,-2.446201750676402e-4,4.119451969375045,5.00008459961855
10.944,120,99.04614256966512,37.4923625082615,37.5,75,49.989816677682,23.99959266710728,26,22,-2.4252561423045006e-4,4.126992651229999,5.0000848624596195
11.04,120,99.21147013144778,37.492339063467256,37.5,75,49.98978541795634,23.999591416718253,26,22,-2.40612080842792e-4,4.133881631932138,5.00008512296619
11.136,120,99.36113105200084,37.49231581207753,37.5,75,49.989754416103374,23.999590176644134,26,22,-2.3887987711561988e-4,4.140117823707543,5.000085381323775
11.232,120,99.49510169813001,37.492292737396546,37.5,75,49.989723649862064,23.999588945994482,26,22,-2.373292766251067e-4,4.145700241867504,5.000085637717889
11.328,120,99.61336091431725,37.49226982272848,37.5,75,49.98969309697131,23.999587723878854,26,22,-2.3596052426950954e-4,4.150628004963811,5.000085892334045
11.424,120,99.71589002606139,37.49224701649148,37.5,75,49.989662688655315,23.999586507546212,26,22,-2.3477383624876503e-4,4.154900335249844,5.0000861457453984
11.52,120,99.80267284282715,37.49222428777097,37.5,75,49.989632383694634,23.999585295347785,26,22,-2.3376940000116524e-4,4.158516558291257,5.000086398295452
11.616,120,99.87369566060174,37.492201656921516,37.5,75,49.98960220922869,23.999584088369147,26,22,-2.3294737415831607e-4,4.1614761027881,5.000086649758038
11.712,120,99.92894726405892,37.49217910665678,37.5,75,49.989572142209035,23.999582885688362,26,22,-2.3230788856647199e-4,4.1637785014859325,5.000086900325232
11.808,120,99.96841892833,37.49215661969045,37.5,75,49.989542159587266,23.99958168638349,26,22,-2.3185104424636234e-4,4.165423390902206,5.000087150189111
11.904,120,99.99210442038161,37.492134178736215,37.5,75,49.98951223831495,23.999580489532597,26,22,-2.3157691337730786e-4,4.166410511383443,5.000087399541751
12,120,100,37.492111766507755,37.5,75,49.989482355343675,23.999579294213746,26,22,-2.314855392858902e-4,4.166739707146026,5.000087648575231
12.096,120,99.99210442038161,37.49208936571873,37.5,75,49.98945248762498,23.999578099504998,26,22,-2.3157693643918053e-4,4.166410926300575,5.000087897481625
12.192,120,99.96841892833,37.49206695908284,37.5,75,49.98942261211046,23.999576904484417,26,22,-2.3185109044252233e-4,4.165424220859931,5.000088146453011
12.288,120,99.92894726405892,37.49204452931375,37.5,75,49.98939270575167,23.99957570823007,26,22,-2.3230795804187447e-4,4.163779746730719,5.000088395681467
12.384,120,99.87369566060174,37.49202205912516,37.5,75,49.989362745500216,23.999574509820008,26,22,-2.3294746713070906e-4,4.161477763688518,5.000088645359071
12.48,120,99.80267284282715,37.49199953123073,37.5,75,49.98933270830764,23.999573308332305,26,22,-2.3376951676146667e-4,4.158518635336617,5.000088895677897
12.576,120,99.71589002606139,37.49197692834415,37.5,75,49.989302571125535,23.999572102845022,26,22,-2.3477397716156742e-4,4.154902829048381,5.000089146830024
12.672,120,99.61336091431725,37.4919542331791,37.5,75,49.98927231090547,23.999570892436218,26,22,-2.359606897539695e-4,4.150630915893239,5.000089399007529
12.768,120,99.49510169813001,37.491931428449256,37.5,75,49.989241904599005,23.99956967618396,26,22,-2.3732946718228121e-4,4.145703570546278,5.00008965240249
12.864,120,99.36113105200084,37.4919084968683,37.5,75,49.989211329157726,23.999568453166308,26,22,-2.388800933404125e-4,4.140121571181499,5.000089907206984
12.96,120,99.21147013144778,37.4918854211499,37.5,75,49.9891805615332,23.999567222461327,26,22,-2.4061232340677054e-4,4.1338857993487155,5.0000901636130894
13.056,120,99.04614256966514,37.49186218400775,37.5,75,49.989149578677,23.99956598314708,26,22,-2.4252588388298641e-4,4.126997239834132,5.000090421812883
13.152,120,98.86517447379141,37.49183876815553,37.5,75,49.989118357540704,23.99956473430163,26,22,-2.446204726371722e-4,4.119456980504623,5.000090681998443
13.248,120,98.66859442078682,37.49181515630692,37.5,75,49.98908687507589,23.999563475003036,26,22,-2.468957589516981e-4,4.111266212135733,5.000090944361846
13.344,120,98.45643345292055,37.49179132263112,37.5,75,49.9890550968415,23.99956220387366,26,22,-2.493513835802181e-4,4.102426228301329,5.000091209190114
13.44,120,98.22872507286887,37.49176722579193,37.5,75,49.989022967722576,23.9995609187089,26,22,-2.519869588086146e-4,4.092938425231542,5.000091476942554
13.536,120,97.98550523842468,37.49174287526948,37.5,75,49.98899050035931,23.999559620014374,26,22,-2.5480206847925725e-4,4.082804300988503,5.000091747513829
13.632,120,97.72681235681935,37.49171825350591,37.5,75,49.98895767134121,23.999558306853647,26,22,-2.577962680997898e-4,4.072025455939793,5.000092021099036
13.728,120,97.45268727865772,37.49169334294333,37.5,75,49.988924457257774,23.99955697829031,26,22,-2.609690848985517e-4,4.060603592258481,5.000092297893267
13.824,120,97.1631732914674,37.4916681260239,37.5,75,49.98889083469854,23.999555633387942,26,22,-2.643200178993019e-4,4.048540513654134,5.000092578091621
13.92,120,96.85831611286312,37.49164258518974,37.5,75,49.98885678025298,23.99955427121012,26,22,-2.678485380003918e-4,4.035838125087782,5.000092861889192
14.016,120,96.5381638833274,37.49161670288297,37.5,75,49.98882227051063,23.999552890820425,26,22,-2.715540880583853e-4,4.022498432470891,5.000093149481078
14.112,120,96.2027671586086,37.49159046154574,37.5,75,49.98878728206099,23.99955149128244,26,22,-2.7543608297610005e-4,4.008523542348412,5.000093441062372
14.208,120,95.85217890173759,37.49156384362019,37.5,75,49.98875179149359,23.999550071659744,26,22,-2.7949390979506737e-4,3.99391566156593,5.000093736828172
14.304,120,95.4864544746643,37.49153683154842,37.5,75,49.98871577539789,23.999548631015916,26,22,-2.837269277923873e-4,3.978677096920981,5.000094036973575
14.4,120,95.10565162951536,37.4915094077726,37.5,75,49.988679210363465,23.999547168414537,26,22,-2.881344685819709e-4,3.9628102547985806,5.000094341693676
14.496,120,94.70983049947444,37.49148155473484,37.5,75,49.988642072979786,23.99954568291919,26,22,-2.9271583622014763e-4,3.9463176407910394,5.000094651183571
14.592,120,94.29905358928646,37.491453254877285,37.5,75,49.98860433983638,23.999544173593456,26,22,-2.9747030731562486e-4,3.929201859302107,5.000094965638357
14.688,120,93.87338576538741,37.49142449064205,37.5,75,49.98856598752274,23.99954263950091,26,22,-3.023971311437819e-4,3.911465613135517,5.000095285253132
14.784,120,93.43289424566122,37.49139524447129,37.5,75,49.988526992628394,23.999541079705136,26,22,-3.074955297652762e-4,3.893111703067997,5.000095610222991
14.88,120,92.97764858882515,37.49136549880711,37.5,75,49.98848733174282,23.99953949326971,26,22,-3.127646981489518e-4,3.874143027406807,5.000095940743034
14.976,120,92.50772068344581,37.49133523609168,37.5,75,49.98844698145557,23.999537879258224,26,22,-3.1820380429901923e-4,3.854562581531884,5.000096277008353
15.072,120,92.02318473658704,37.4913044387671,37.5,75,49.988405918356136,23.999536236734244,26,22,-3.2381198938649804e-4,3.834373457422658,5.000096619214051
15.168,120,91.52411726209176,37.491273089275516,37.5,75,49.988364119034024,23.999534564761362,26,22,-3.2958836788489124e-4,3.8135788431696125,5.000096967555221
15.264,120,91.01059706849958,37.49124117005906,37.5,75,49.98832156007875,23.99953286240315,26,22,-3.355320277100782e-4,3.792182022470682,5.000097322226964
15.36,120,90.48270524660197,37.49120884329436,37.5,75,49.98827845772581,23.99953113830903,26,22,-3.4164203022794007e-4,3.7701863726066622,5.000097681427246
15.456,120,89.94052515663712,37.49117593933978,37.5,75,49.98823458578638,23.999529383431454,26,22,-3.479174107855983e-4,3.7475953682129,5.000098047041054
15.552,120,89.38414241512639,37.49114244045308,37.5,75,49.98818992060411,23.999527596824166,26,22,-3.5435717850598416e-4,3.724412576643988,5.000098419265531
15.648,120,88.81364488135446,37.49110833031212,37.5,75,49.988144440416164,23.999525777616647,26,22,-3.6096031655448316e-4,3.7006416586859077,5.000098798282047
15.744,120,88.22912264349534,37.49107359259477,37.5,75,49.98809812345969,23.999523924938387,26,22,-3.677257823006104e-4,3.6762863679897704,5.000099184271968
15.84,120,87.63066800438637,37.4910382109789,37.5,75,49.98805094797187,23.999522037918876,26,22,-3.746525074827023e-4,3.6513505504789325,5.000099577416661
15.936,120,87.01837546695256,37.49100216914239,37.5,75,49.988002892189854,23.999520115687595,26,22,-3.817393983766527e-4,3.6258381437415443,5.000099977897494
16.032,120,86.39234171928354,37.490965450763085,37.5,75,49.987953934350784,23.99951815737403,26,22,-3.8898533596867064e-4,3.599753176408621,5.000100385895835
16.128,120,85.75266561936525,37.49092803951886,37.5,75,49.98790405269182,23.99951616210767,26,22,-3.963891761320304e-4,3.5730997675177436,5.000100801593053
16.224,120,85.09944817946919,37.4908899190876,37.5,75,49.98785322545014,23.999514129018007,26,22,-4.03949749807785e-4,3.545882125862488,5.000101225170514
16.32,120,84.43279255020151,37.49085107314715,37.5,75,49.987801430862866,23.999512057234515,26,22,-4.116658631894162e-4,3.5181045493276906,5.000101656809589
16.416,120,83.75280400421417,37.490811485375396,37.5,75,49.987748647167194,23.999509945886686,26,22,-4.1953629791139296e-4,3.4897714242106304,5.000102096691645
16.512,120,83.05958991958127,37.490771139450196,37.5,75,49.987694852600264,23.999507794104012,26,22,-4.275598112416048e-4,3.460887224528272,5.000102544998049
16.608,120,82.35325976284275,37.49073001904943,37.5,75,49.98764002539924,23.99950560101597,26,22,-4.357351362776445e-4,3.431456511310654,5.000103001910174
16.704,120,81.63392507171841,37.49068810785095,37.5,75,49.987584143801264,23.99950336575205,26,22,-4.4406098214690376e-4,3.4014839318805343,5.000103467609388
16.8,120,80.90169943749474,37.49064538953264,37.5,75,49.987527186043515,23.99950108744174,26,22,-4.525360342104533e-4,3.3709742191194265,5.000103942277058
16.896,120,80.15669848708765,37.49060184777236,37.5,75,49.98746913036315,23.999498765214526,26,22,-4.611589542706781e-4,3.3399321907201154,5.000104426094556
16.992,120,79.39903986478355,37.490557466247985,37.5,75,49.98740995499731,23.99949639819989,26,22,-4.699283807826272e-4,3.3083627484257945,5.0001049192432525
17.088,120,78.62884321366191,37.49051222863737,37.5,75,49.98734963818316,23.999493985527327,26,22,-4.7884292906905286e-4,3.276270877255925,5.000105421904515
17.184,120,77.84623015670235,37.49046611861839,37.5,75,49.98728815815785,23.999491526326313,26,22,-4.8790119153909925e-4,3.24366164471896,5.000105934259717
17.28,120,77.05132427757893,37.49041911986893,37.5,75,49.987225493158576,23.999489019726344,26,22,-4.97101737910608e-4,3.210540200012038,5.000106456490227
17.376,120,76.24425110114478,37.49037121606683,37.5,75,49.987161621422445,23.999486464856897,26,22,-5.064431154360086e-4,3.176911773207786,5.000106988777417
17.472,120,75.4251380736104,37.490322390889986,37.5,75,49.98709652118664,23.999483860847466,26,22,-5.159238491317517e-4,3.1427816744283517,5.000107531302658
17.568,120,74.59411454241823,37.49027262801624,37.5,75,49.98703017068832,23.999481206827532,26,22,-5.255424420112559e-4,3.1081552930068,5.000108084247321
17.664,120,73.7513117358174,37.490221911123484,37.5,75,49.98696254816464,23.999478501926585,26,22,-5.352973753213236e-4,3.0730380966360133,5.0001086477927785
17.76,120,72.89686274214114,37.49017022388957,37.5,75,49.986893631852766,23.99947574527411,26,22,-5.451871087819982e-4,3.037435630505209,5.000109222120402
17.856,120,72.0309024887907,37.49011754999237,37.5,75,49.986823399989824,23.99947293599959,26,22,-5.552100808298131e-4,3.001353516424238,5.000109807411565
17.952,120,71.15356772092855,37.49006387310977,37.5,75,49.98675183081303,23.999470073232523,26,22,-5.653647088644081e-4,2.96479745193577,5.000110403847639
18.048,120,70.26499697988496,37.49000955039718,37.5,75,49.986679400529574,23.999467176021184,26,22,-5.756493890206868e-4,2.9277732069855906,5.000111007460063
18.144,120,69.36533058128053,37.489954563179786,37.5,75,49.98660608423972,23.999464243369587,26,22,-5.860624973547121e-4,2.890286627979386,5.00011161845635
18.24,120,68.45471059286888,37.48989860259085,37.5,75,49.98653147012113,23.999461258804846,26,22,-5.966023900295812e-4,2.852343636162017,5.00011224026851
18.336,120,67.53328081210249,37.4898416551915,37.5,75,49.98645554025533,23.99945822161021,26,22,-6.072674028191888e-4,2.8139502228968,5.00011287304588
18.432,120,66.6011867434252,37.4897837075428,37.5,75,49.986378276723734,23.99945513106895,26,22,-6.18055851742215e-4,2.7751124506658225,5.000113516937796
18.528,120,65.65857557529567,37.48972474620587,37.5,75,49.98629966160783,23.99945198646431,26,22,-6.289660333280489e-4,2.7358364521126193,5.000114172093595
18.624,120,64.70559615694445,37.4896647577418,37.5,75,49.986219676989066,23.99944878707956,26,22,-6.399962248857991e-4,2.696128429073738,5.000114838662615
18.72,120,63.74239897486902,37.48960372871167,37.5,75,49.986138304948895,23.999445532197957,26,22,-6.51144684776329e-4,2.6559946515994053,5.00011551679419
18.816,120,62.76913612907009,37.489541645676596,37.5,75,49.986055527568794,23.99944222110275,26,22,-6.624096526872928e-4,2.6154414569634072,5.000116206637661
18.912,120,61.78596130903347,37.48947849519765,37.5,75,49.9859713269302,23.99943885307721,26,22,-6.737893499111072e-4,2.5744752486623774,5.000116908342363
19.008,120,60.79302976946056,37.48941426383594,37.5,75,49.98588568511458,23.999435427404585,26,22,-6.852819796258382e-4,2.5331024954046186,5.000117622057636
19.104,120,59.7904983057519,37.489348938152574,37.5,75,49.98579858420344,23.999431943368137,26,22,-6.968857271789398e-4,2.491329730088635,5.000118347932818
19.2,120,58.77852522924736,37.48928250470862,37.5,75,49.98571000627816,23.999428400251126,26,22,-7.085987603738099e-4,2.4491635487715326,5.000119086117248
19.296,120,57.757270342226796,37.48921495006518,37.5,75,49.985619933420246,23.99942479733681,26,22,-7.204192297591164e-4,2.4066106096274464,5.000119836760265
19.392,120,56.726894912675675,37.48914626078335,37.5,75,49.98552834771113,23.999421133908445,26,22,-7.323452689208435e-4,2.3636776318961727,5.0001206000112095
19.488,120,55.687561648818814,37.48907642342424,37.5,75,49.985435231232316,23.999417409249293,26,22,-7.44374994777019e-4,2.3203713948221516,5.00012137601942
19.584,120,54.639434673426926,37.48900542454892,37.5,75,49.985340566065226,23.99941362264261,26,22,-7.565065078750698e-4,2.276698736583986,5.000122164934237
19.68,120,53.5826794978997,37.4889332507185,37.5,75,49.98524433429134,23.999409773371653,26,22,-7.687378926917645e-4,2.232666553214651,5.000122966905003
19.776,120,52.5174629961296,37.48885988849407,37.5,75,49.98514651799209,23.999405860719683,26,22,-7.810672179356882e-4,2.1882817975125795,5.000123782081057
19.872,120,51.44395337815067,37.488785324436726,37.5,75,49.985047099248966,23.99940188396996,26,22,-7.934925368522103e-4,2.143551477943785,5.000124610611742
19.968,120,50.36232016357609,37.48870954510756,37.5,75,49.984946060143415,23.999397842405738,26,22,-8.060118875308892e-4,2.098482657535198,5.000125452646399
20.064,120,49.272734154829195,37.488632537067666,37.5,75,49.984843382756885,23.999393735310274,26,22,-8.186232932152721e-4,2.0530824527593916,5.000126308334371
20.16,120,48.17536741017156,37.48855428687815,37.5,75,49.98473904917086,23.999389561966833,26,22,-8.313247626150381e-4,2.0073580324108637,5.000127177825001
20.256,120,47.070393216533276,37.488474781100095,37.5,75,49.98463304146679,23.99938532165867,26,22,-8.441142902204307e-4,1.9613166164740796,5.00012806126763
20.352,120,45.9579860621488,37.4883940062946,37.5,75,49.98452534172613,23.999381013669044,26,22,-8.569898566189406e-4,1.9149654749834193,5.000128958811605
20.448,120,44.83832160900323,37.488311949022744,37.5,75,49.98441593203032,23.999376637281213,26,22,-8.699494288141775e-4,1.8683119268752295,5.000129870606268
20.544,120,43.711576665093325,37.48822859584565,37.5,75,49.98430479446087,23.999372191778434,26,22,-8.829909605468894e-4,1.8213633388321626,5.000130796800964
20.64,120,42.57792915650729,37.488143933324395,37.5,75,49.98419191109919,23.999367676443967,26,22,-8.961123926180746e-4,1.7741271241199694,5.000131737545038
20.736,120,41.43755809932843,37.48805801446982,37.5,75,49.98407735262643,23.999363094105057,26,22,-9.093116530798547e-4,1.7266107411619893,5.000132692249466
20.832,120,40.290643571366275,37.48797141359116,37.5,75,49.983961884788215,23.999358475391528,26,22,-9.225866566202655e-4,1.678821690699754,5.00013365453271
20.928,120,39.13736668372028,37.48788353724648,37.5,75,49.98384471632864,23.999353788653146,26,22,-9.359353083279853e-4,1.630767521008185,5.000134630988931
21.024,120,37.97790955218014,37.487794374508184,37.5,75,49.98372583267758,23.9993490333071,26,22,-9.493555005039102e-4,1.5824558199254954,5.000135621739572
21.12,120,36.812455268467815,37.48770391444864,37.5,75,49.983605219264845,23.999344208770594,26,22,-9.628451141539848e-4,1.533894215951728,5.000136626906073
21.216,120,35.64118787132508,37.48761214614023,37.5,75,49.98348286152031,23.999339314460812,26,22,-9.764020193237901e-4,1.4850903770442325,5.000137646609877
21.312,120,34.46429231745171,37.48751905865533,37.5,75,49.983358744873776,23.99933434979495,26,22,-9.900240754348614e-4,1.4360520094069265,5.0001386809724275
21.408,120,33.2819544522987,37.487424641066326,37.5,75,49.9832328547551,23.999329314190206,26,22,-0.0010037091316226802,1.386786856273517,5.0001397301151655
21.504,120,32.09436098072097,37.487328882445595,37.5,75,49.98310517659413,23.999324207063765,26,22,-0.0010174550270762948,1.337302696684875,5.000140794159536
21.6,120,30.901699437494752,37.48723177186552,37.5,75,49.98297569582069,23.99931902783283,26,22,-0.001031259591379504,1.2876073442607683,5.0001418732269824
21.696,120,29.704158157703493,37.487133298398476,37.5,75,49.98284439786463,23.999313775914587,26,22,-0.0010451206448535613,1.2377086459661282,5.000142967438949
21.792,120,28.501926246997606,37.48703345111684,37.5,75,49.98271126815578,23.999308450726232,26,22,-0.00105903599890134,1.187614480872057,5.000144076916881
21.888,120,27.295193551732545,37.486932219093006,37.5,75,49.98257629212401,23.99930305168496,26,22,-0.0010730034563529028,1.1373327589117712,5.000145201782222
21.984,120,26.084150628989704,37.486829591399335,37.5,75,49.98243945519911,23.999297578207965,26,22,-0.0010870208118124317,1.0868714196316664,5.0001463421564205
22.08,120,24.868988716485525,37.486725557108215,37.5,75,49.982300742810956,23.99929202971244,26,22,-0.0011010858520064427,1.0362384309377275,5.0001474981609215
22.176,120,23.649899702372505,37.48662010529202,37.5,75,49.98216014038936,23.999286405615575,26,22,-0.00111519635613326,0.9854417878374369,5.000148669917173
22.272,120,22.427076094938187,37.486513225023145,37.5,75,49.982017633364194,23.999280705334566,26,22,-0.0011293500962136624,0.9344895111774367,5.000149857546621
22.368,120,21.200710992205522,37.48640490537395,37.5,75,49.981873207165265,23.99927492828661,26,22,-0.001143544837442675,0.8833896463770838,5.000151061170714
22.464,120,19.97099805144075,37.48629513541683,37.5,75,49.98172684722244,23.999269073888897,26,22,-0.0011577783385424293,0.832150262158155,5.000152280910901
22.56,120,18.7381314585725,37.48618390422416,37.5,75,49.98157853896555,23.99926314155862,26,22,-0.0011720483521160483,0.7807794492708563,5.00015351688863
22.656,120,17.50230589752763,37.48607120086832,37.5,75,49.98142826782443,23.999257130712977,26,22,-0.0011863526250024963,0.7292853192163647,5.000154769225351
22.752,120,16.263716519488423,37.48595701442168,37.5,75,49.9812760192289,23.999251040769156,26,22,-0.0012006888986323377,0.6776760029660985,5.0001560380425145
22.848,120,15.022558912075755,37.48584133395663,37.5,75,49.98112177860884,23.999244871144352,26,22,-0.001215054909384352,0.6259596496779041,5.000157323461572
22.944,120,13.779029068463847,37.48572414854555,37.5,75,49.98096553139407,23.999238621255763,26,22,-0.0012294483889429381,0.5741444254093948,5.000158625603973
23.04,120,12.533323356430454,37.485605447260824,37.5,75,49.980807263014434,23.999232290520577,26,22,-0.0012438670646562685,0.5222385118286044,5.000159944591171
23.136,120,11.285638487348232,37.48548521917481,37.5,75,49.98064695889975,23.99922587835599,26,22,-0.0012583086598951189,0.4702501049221896,5.000161280544617
23.232,120,10.03617148512154,37.485365243253455,37.5,75,49.98048699100461,23.999219479640185,26,22,-0.0012727708893496706,0.4181874120379523,5.000162613696766
23.328,120,8.785119655074359,37.48524585246056,37.5,75,49.980327803280744,23.99921311213123,26,22,-0.0012872514683583086,0.36605865425786055,5.000163940347772
23.424,120,7.5326805527933045,37.485125329278866,37.5,75,49.980167105705156,23.999206684228206,26,22,-0.0013017481152491357,0.3138720646855227,5.000165279582411
23.52,120,6.279051952931358,37.48500367801281,37.5,75,49.98000490401708,23.999200196160682,26,22,-0.0013162585409971445,0.26163588376315394,5.000166631352874
23.616,120,5.02443181797701,37.484880902966815,37.5,75,49.97984120395576,23.99919364815823,26,22,-0.0013307804544004215,0.20935835976983339,5.000167995611351
23.712,120,3.769018266993498,37.484757008445314,37.5,75,49.97967601126042,23.999187040450416,26,22,-0.0013453115624419117,0.15704774751914935,5.000169372310031
23.808,120,2.5130095443337814,37.48463199875272,37.5,75,49.97950933167029,23.99918037326681,26,22,-0.0013598495706514655,0.10471230705583076,5.000170761401106
23.904,120,1.2566039883352835,37.484505878193474,37.5,75,49.97934117092463,23.999173646836987,26,22,-0.0013743921834681206,0.05236030235153117,5.0001721628367655
24,120,1.2246467991473532e-14,37.48437865107201,37.5,75,49.97917153476267,23.999166861390506,26,22,-0.0013889371046025554,5.102872138105537e-16,5.000173576569201
24.096,120,0,37.48425032169274,37.5,75,49.979000428923655,23.999160017156946,26,22,-0.0013889375007085,0,5.0001750025506
24.192,120,0,37.484120894360096,37.5,75,49.9788278591468,23.99915311436587,26,22,-0.0013889379002036547,0,5.000176440733157
24.288,120,0,37.48399037337851,37.5,75,49.97865383117135,23.999146153246855,26,22,-0.0013889383030747389,0,5.00017789106906
24.384,120,0,37.4838587630524,37.5,75,49.97847835073654,23.999139134029463,26,22,-0.0013889387093084726,0,5.000179353510501
24.48,120,0,37.483726067686206,37.5,75,49.978301423581605,23.999132056943264,26,22,-0.0013889391188915752,0,5.000180828009671
24.576,120,0,37.48359229158434,37.5,75,49.978123055445785,23.99912492221783,26,22,-0.0013889395318107665,0,5.000182314518759
24.672,120,0,37.483458506625766,37.5,75,49.97794467550102,23.99911778702004,26,22,-0.001388939944757541,0,5.0001838011271476
24.768,120,0,37.48332658341145,37.5,75,49.977768777881934,23.99911075111528,26,22,-0.0013889403519580107,0,5.000185267048838
24.864,120,0,37.483194265946125,37.5,75,49.97759235459483,23.999103694183795,26,22,-0.0013889407603756344,0,5.0001867373522835
24.96,120,0,37.48306159227412,37.5,75,49.97741545636549,23.99909661825462,26,22,-0.001388941169892984,0,5.000188211614743
25.056,120,0,37.48292860043968,37.5,75,49.97723813391957,23.999089525356784,26,22,-0.0013889415803926327,0,5.000189689413478
25.152,120,0,37.48279532848712,37.5,75,49.97706043798283,23.999082417519315,26,22,-0.0013889419917571526,0,5.000191170325749
25.248,120,0,37.48266181446071,37.5,75,49.97688241928095,23.999075296771238,26,22,-0.0013889424038691148,0,5.0001926539288135
25.344,120,0,37.48252809640475,37.5,75,49.976704128539666,23.999068165141587,26,22,-0.0013889428166110915,0,5.000194139799929
25.44,120,0,37.48239421236351,37.5,75,49.97652561648468,23.999061024659387,26,22,-0.0013889432298656538,0,5.000195627516353
25.536,120,0,37.48226020038127,37.5,75,49.97634693384169,23.999053877353667,26,22,-0.0013889436435153726,0,5.000197116655341
25.632,120,0,37.482126098502334,37.5,75,49.97616813133644,23.999046725253457,26,22,-0.001388944057442819,0,5.000198606794148
25.728,120,0,37.481991944770975,37.5,75,49.97598925969463,23.999039570387787,26,22,-0.001388944471530563,0,5.000200097510027
25.824,120,0,37.481857777231475,37.5,75,49.97581036964196,23.999032414785678,26,22,-0.0013889448856611753,0,5.000201588380231
25.92,120,0,37.481723633928134,37.5,75,49.975631511904176,23.999025260476166,26,22,-0.0013889452997172256,0,5.000203078982012
26.016,120,0,37.48158955290522,37.5,75,49.97545273720696,23.99901810948828,26,22,-0.0013889457135812832,0,5.000204568892619
26.112,120,0,37.48145547546537,37.5,75,49.97527396728715,23.999010958691485,26,22,-0.0013889461274345278,0,5.0002060587643005
26.208,120,0,37.48132056887854,37.5,75,49.97509409183805,23.99900376367352,26,22,-0.0013889465438473273,0,5.000207557850378
26.304,120,0,37.48118563780758,37.5,75,49.97491418374344,23.99899656734974,26,22,-0.0013889469603359506,0,5.000209057209422
26.4,120,0,37.48105070797032,37.5,75,49.974734277293756,23.99898937109175,26,22,-0.0013889473768210162,0,5.0002105565556585
26.496,120,0,37.48091580508465,37.5,75,49.97455440677953,23.99898217627118,26,22,-0.0013889477932231404,0,5.000212055603305
26.592,120,0,37.480780954868436,37.5,75,49.97437460649125,23.99897498425965,26,22,-0.0013889482094629401,0,5.000213554066584
26.688,120,0,37.480646183039546,37.5,75,49.97419491071939,23.998967796428776,26,22,-0.0013889486254610327,0,5.000215051659717
26.784,120,0,37.48051151531584,37.5,75,49.97401535375445,23.998960614150178,26,22,-0.001388949041138034,0,5.0002165480969225
26.88,120,0,37.48037697741518,37.5,75,49.973835969886906,23.998953438795475,26,22,-0.001388949456414561,0,5.00021804309242
26.976,120,0,37.480242595055444,37.5,75,49.97365679340726,23.99894627173629,26,22,-0.0013889498712112295,0,5.000219536360426
27.072,120,0,37.480108393954495,37.5,75,49.97347785860599,23.99893911434424,26,22,-0.0013889502854486555,0,5.00022102761516
27.168,120,0,37.479974399830205,37.5,75,49.97329919977361,23.998931967990945,26,22,-0.0013889506990474548,0,5.000222516570838
27.264,120,0,37.47984063840043,37.5,75,49.97312085120058,23.998924834048022,26,22,-0.0013889511119282432,0,5.000224002941676
27.36,120,0,37.47970713538304,37.5,75,49.97294284717738,23.998917713887096,26,22,-0.0013889515240116362,0,5.000225486441891
27.456,120,0,37.47957334371852,37.5,75,49.972764458291365,23.998910578331653,26,22,-0.0013889519369862408,0,5.0002269731504665
27.552,120,0,37.47943887520225,37.5,75,49.97258516693633,23.998903406677453,26,22,-0.0013889523520503302,0,5.000228467381189
27.648,120,0,37.47930443566462,37.5,75,49.9724059142195,23.99889623656878,26,22,-0.0013889527670252195,0,5.00022996129079
27.744,120,0,37.47917003117992,37.5,75,49.972226708239894,23.998889068329596,26,22,-0.0013889531818921585,0,5.000231454811771
27.84,120,0,37.47903566782245,37.5,75,49.9720475570966,23.998881902283863,26,22,-0.001388953596632398,0,5.000232947876633
27.936,120,0,37.47890135166649,37.5,75,49.971868468888644,23.998874738755546,26,22,-0.0013889540112271873,0,5.0002344404178745
28.032,120,0,37.47876708878633,37.5,75,49.9716894517151,23.998867578068605,26,22,-0.0013889544256577774,0,5.000235932367999
28.128,120,0,37.47863288525626,37.5,75,49.971510513675014,23.998860420547,26,22,-0.001388954839905418,0,5.000237423659505
28.224,120,0,37.47849874715058,37.5,75,49.97133166286744,23.998853266514697,26,22,-0.0013889552539513596,0,5.000238914224894
28.32,120,0,37.478364680543564,37.5,75,49.97115290739142,23.998846116295656,26,22,-0.0013889556677768515,0,5.000240403996665
28.416,120,0,37.47823069150952,37.5,75,49.97097425534603,23.998838970213843,26,22,-0.001388956081363144,0,5.000241892907319
28.512,120,0,37.47809678612273,37.5,75,49.9707957148303,23.99883182859321,26,22,-0.0013889564946914876,0,5.000243380889356
28.608,120,0,37.47796297045748,37.5,75,49.970617293943306,23.998824691757733,26,22,-0.0013889569077431315,0,5.000244867875273
28.704,120,0,37.47782925058806,37.5,75,49.970439000784076,23.998817560031362,26,22,-0.001388957320499326,0,5.000246353797573
28.8,120,0,37.47769543220728,37.5,75,49.970260576276374,23.998810423051054,26,22,-0.001388957733559843,0,5.000247840815435
28.896,120,0,37.47756159377095,37.5,75,49.97008212502793,23.998803285001117,26,22,-0.0013889581466825119,0,5.000249328057043
28.992,120,0,37.47742779531914,37.5,75,49.96990372709219,23.998796149083688,26,22,-0.0013889585596820054,0,5.000250814855219
29.088,120,0,37.47729403685186,37.5,75,49.96972538246914,23.998789015298765,26,22,-0.0013889589725583228,0,5.000252301209962
29.184,120,0,37.47716031836911,37.5,75,49.96954709115881,23.998781883646352,26,22,-0.0013889593853114639,0,5.00025378712127
29.28,120,0,37.47702663987088,37.5,75,49.96936885316117,23.998774754126448,26,22,-0.0013889597979414288,0,5.000255272589143
29.376,120,0,37.47689300135718,37.5,75,49.969190668476244,23.99876762673905,26,22,-0.0013889602104482173,0,5.000256757613582
29.472,120,0,37.47675940282801,37.5,75,49.969012537104014,23.99876050148416,26,22,-0.001388960622831829,0,5.000258242194584
29.568,120,0,37.47662584428336,37.5,75,49.96883445904448,23.99875337836178,26,22,-0.0013889610350922635,0,5.000259726332149
29.664,120,0,37.47649232572324,37.5,75,49.96865643429766,23.998746257371906,26,22,-0.001388961447229521,0,5.0002612100262755
29.76,120,0,37.47635884714765,37.5,75,49.96847846286354,23.99873913851454,26,22,-0.0013889618592436012,0,5.000262693276964
29.856,120,0,37.47622540855658,37.5,75,49.96830054474211,23.998732021789685,26,22,-0.0013889622711345034,0,5.000264176084213
29.952,120,0,37.476092009950044,37.5,75,49.968122679933394,23.998724907197335,26,22,-0.0013889626829022281,0,5.000265658448021
30.048,120,0,37.475958634579946,37.5,75,49.96794484610659,23.998717793844264,26,22,-0.0013889630945984716,0,5.000267140554498
30.144,120,0,37.47582505263435,37.5,75,49.967766736845796,23.99871066947383,26,22,-0.0013889635069326066,0,5.000268624957384
30.24,120,0,37.47569147512609,37.5,75,49.96758863350145,23.998703545340057,26,22,-0.0013889639192532894,0,5.000270109311842
30.336,120,0,37.47555790205515,37.5,75,49.96741053607354,23.99869642144294,26,22,-0.00138896433156052,0,5.000271593617872
30.432,120,0,37.47542433342156,37.5,75,49.96723244456208,23.998689297782484,26,22,-0.0013889647438542982,0,5.000273077875473
30.528,120,0,37.47529076922528,37.5,75,49.96705435896705,23.99868217435868,26,22,-0.0013889651561346246,0,5.000274562084648
30.624,120,0,37.475157209466346,37.5,75,49.96687627928846,23.99867505117154,26,22,-0.0013889655684014982,0,5.000276046245394
30.72,120,0,37.475023654144735,37.5,75,49.96669820552631,23.998667928221053,26,22,-0.00138896598065492,0,5.000277530357712
30.816,120,0,37.474890103260456,37.5,75,49.96652013768061,23.998660805507225,26,22,-0.0013889663928948895,0,5.0002790144216025
30.912,120,0,37.47475655681352,37.5,75,49.966342075751356,23.998653683030053,26,22,-0.0013889668051214068,0,5.000280498437064
31.008,120,0,37.474623014803896,37.5,75,49.96616401973853,23.998646560789542,26,22,-0.0013889672173344714,0,5.000281982404097
31.104,120,0,37.474489477231614,37.5,75,49.965985969642155,23.998639438785688,26,22,-0.0013889676295340838,0,5.000283466322702
31.2,120,0,37.47435594409666,37.5,75,49.96580792546221,23.998632317018487,26,22,-0.0013889680417202442,0,5.000284950192879
31.296,120,0,37.47422241539904,37.5,75,49.96562988719872,23.99862519548795,26,22,-0.0013889684538929516,0,5.000286434014626
31.392,120,0,37.47408889113875,37.5,75,49.965451854851665,23.998618074194066,26,22,-0.0013889688660522071,0,5.000287917787945
31.488,120,0,37.473955371315796,37.5,75,49.96527382842106,23.998610953136843,26,22,-0.0013889692781980096,0,5.000289401512835
31.584,120,0,37.47382185593016,37.5,75,49.965095807906884,23.998603832316274,26,22,-0.0013889696903303605,0,5.0002908851892975
31.68,120,0,37.47368834498187,37.5,75,49.96491779330917,23.998596711732368,26,22,-0.0013889701024492578,0,5.000292368817329
31.776,120,0,37.4735548384709,37.5,75,49.964739784627874,23.998589591385116,26,22,-0.0013889705145547033,0,5.000293852396932
31.872,120,0,37.47342133639727,37.5,75,49.96456178186303,23.99858247127452,26,22,-0.0013889709266466964,0,5.000295335928107
31.968,120,0,37.47328783876096,37.5,75,49.96438378501462,23.998575351400586,26,22,-0.0013889713387252364,0,5.000296819410851
32.064,120,0,37.473154345561994,37.5,75,49.96420579408266,23.998568231763308,26,22,-0.0013889717507903241,0,5.000298302845167
32.16,120,0,37.47302085680035,37.5,75,49.96402780906713,23.998561112362687,26,22,-0.0013889721628419591,0,5.000299786231053
32.256,120,0,37.472887372476045,37.5,75,49.96384982996806,23.998553993198723,26,22,-0.0013889725748801418,0,5.00030126956851
32.352,120,0,37.47275389258906,37.5,75,49.96367185678541,23.998546874271415,26,22,-0.0013889729869048712,0,5.000302752857537
32.448,120,0,37.47262041713942,37.5,75,49.96349388951922,23.99853975558077,26,22,-0.0013889733989161483,0,5.000304236098134
32.544,120,0,37.4724869461271,37.5,75,49.963315928169465,23.99853263712678,26,22,-0.0013889738109139729,0,5.000305719290302
32.64,120,0,37.47235347955211,37.5,75,49.96313797273615,23.998525518909446,26,22,-0.0013889742228983444,0,5.00030720243404
32.736,120,0,37.47222010148223,37.5,75,49.962960135309636,23.998518405412387,26,22,-0.0013889746346097626,0,5.000308684595145
32.832,120,0,37.47208675778366,37.5,75,49.962782343711545,23.99851129374846,26,22,-0.0013889750462153278,0,5.00031016637518
32.928,120,0,37.47195341408509,37.5,75,49.962604552113454,23.998504182084538,26,22,-0.0013889754578211364,0,5.000311648156091
33.024,120,0,37.47182007038652,37.5,75,49.96242676051536,23.998497070420616,26,22,-0.0013889758694271895,0,5.000313129937882
33.12,120,0,37.47168672668795,37.5,75,49.962248968917265,23.99848995875669,26,22,-0.0013889762810334863,0,5.000314611720551
33.216,120,0,37.47155338298938,37.5,75,49.96207117731917,23.998482847092767,26,22,-0.001388976692640027,0,5.000316093504098
33.312,120,0,37.47142003929081,37.5,75,49.96189338572108,23.998475735428844,26,22,-0.0013889771042468117,0,5.0003175752885225
33.408,120,0,37.47128669559224,37.5,75,49.961715594122985,23.998468623764918,26,22,-0.0013889775158538408,0,5.000319057073827
33.504,120,0,37.47115335189367,37.5,75,49.961537802524894,23.998461512100995,26,22,-0.0013889779274611131,0,5.000320538860008
33.6,120,0,37.4710200081951,37.5,75,49.961360010926796,23.998454400437073,26,22,-0.0013889783390686296,0,5.000322020647067
33.696,120,0,37.47088666449653,37.5,75,49.96118221932871,23.99844728877315,26,22,-0.00138897875067639,0,5.000323502435005
33.792,120,0,37.47075332079796,37.5,75,49.961004427730614,23.998440177109224,26,22,-0.001388979162284395,0,5.0003249842238215
33.888,120,0,37.47061997709939,37.5,75,49.96082663613252,23.9984330654453,26,22,-0.001388979573892643,0,5.000326466013515
33.984,120,0,37.47048663340082,37.5,75,49.960648844534425,23.99842595378138,26,22,-0.0013889799855011356,0,5.000327947804088
34.08,120,0,37.47035328970225,37.5,75,49.96047105293634,23.998418842117452,26,22,-0.001388980397109872,0,5.000329429595539
34.176,120,0,37.47021994600368,37.5,75,49.96029326133824,23.99841173045353,26,22,-0.0013889808087188522,0,5.000330911387868
34.272,120,0,37.47008660230511,37.5,75,49.960115469740145,23.998404618789607,26,22,-0.0013889812203280766,0,5.0003323931810755
34.368,120,0,37.46995325860654,37.5,75,49.959937678142055,23.99839750712568,26,22,-0.0013889816319375447,0,5.000333874975161
34.464,120,0,37.469819914907966,37.5,75,49.95975988654395,23.998390395461758,26,22,-0.0013889820435472567,0,5.000335356770124
34.56,120,0,37.4696865712094,37.5,75,49.95958209494587,23.998383283797835,26,22,-0.0013889824551572127,0,5.000336838565966
34.656,120,0,37.46955322751083,37.5,75,49.95940430334777,23.99837617213391,26,22,-0.001388982866767413,0,5.000338320362687
34.752,120,0,37.46941988381226,37.5,75,49.95922651174968,23.998369060469987,26,22,-0.001388983278377857,0,5.000339802160285
34.848,120,0,37.469286540113686,37.5,75,49.959048720151586,23.998361948806064,26,22,-0.0013889836899885447,0,5.000341283958761
34.944,120,0,37.46915319641512,37.5,75,49.958870928553495,23.99835483714214,26,22,-0.0013889841015994767,0,5.000342765758116
35.04,120,0,37.46901985271655,37.5,75,49.958693136955404,23.998347725478215,26,22,-0.0013889845132106528,0,5.00034424755835
35.136,120,0,37.46888650901798,37.5,75,49.9585153453573,23.998340613814293,26,22,-0.0013889849248220724,0,5.000345729359461
35.232,120,0,37.468753165319406,37.5,75,49.95833755375921,23.99833350215037,26,22,-0.001388985336433736,0,5.00034721116145
35.328,120,0,37.46861982162084,37.5,75,49.95815976216112,23.998326390486444,26,22,-0.001388985748045644,0,5.000348692964319
35.424,120,0,37.46848647792227,37.5,75,49.957981970563026,23.99831927882252,26,22,-0.0013889861596577955,0,5.000350174768064
35.52,120,0,37.4683531342237,37.5,75,49.957804178964935,23.9983121671586,26,22,-0.0013889865712701911,0,5.000351656572688
35.616,120,0,37.468219790525126,37.5,75,49.95762638736683,23.998305055494672,26,22,-0.001388986982882831,0,5.000353138378191
35.712,120,0,37.468086446826554,37.5,75,49.95744859576874,23.99829794383075,26,22,-0.0013889873944957145,0,5.000354620184572
35.808,120,0,37.46795310312799,37.5,75,49.95727080417065,23.998290832166827,26,22,-0.001388987806108842,0,5.000356101991831
35.904,120,0,37.46781975942942,37.5,75,49.95709301257256,23.9982837205029,26,22,-0.0013889882177222134,0,5.0003575837999685
36,120,0,37.467686415730846,37.5,75,49.956915220974466,23.998276608838978,26,22,-0.0013889886293358287,0,5.000359065608984
36.096,120,0,37.467553072032274,37.5,75,49.95673742937636,23.998269497175055,26,22,-0.001388989040949688,0,5.000360547418877
36.192,120,0,37.46741972833371,37.5,75,49.956559637778284,23.998262385511133,26,22,-0.0013889894525637913,0,5.000362029229649
36.288,120,0,37.46728638463514,37.5,75,49.95638184618018,23.998255273847207,26,22,-0.0013889898641781387,0,5.000363511041299
36.384,120,0,37.467153040936566,37.5,75,49.95620405458209,23.998248162183284,26,22,-0.00138899027579273,0,5.000364992853828
36.48,120,0,37.467019697237994,37.5,75,49.956026262984,23.99824105051936,26,22,-0.001388990687407565,0,5.000366474667234
36.576,120,0,37.46688635353943,37.5,75,49.955848471385906,23.998233938855435,26,22,-0.0013889910990226443,0,5.0003679564815195
36.672,120,0,37.46675300984086,37.5,75,49.955670679787815,23.998226827191512,26,22,-0.0013889915106379675,0,5.000369438296683
36.768,120,0,37.466619666142286,37.5,75,49.95549288818971,23.99821971552759,26,22,-0.0013889919222535344,0,5.000370920112724
36.864,120,0,37.466486322443714,37.5,75,49.95531509659162,23.998212603863664,26,22,-0.0013889923338693455,0,5.000372401929644
36.96,120,0,37.46635297874515,37.5,75,49.95513730499353,23.99820549219974,26,22,-0.0013889927454854003,0,5.000373883747441
37.056,120,0,37.46621963504658,37.5,75,49.95495951339544,23.99819838053582,26,22,-0.0013889931571016993,0,5.000375365566118
37.152,120,0,37.466086291348006,37.5,75,49.95478172179734,23.998191268871892,26,22,-0.0013889935687182422,0,5.000376847385672
37.248,120,0,37.465952947649434,37.5,75,49.95460393019924,23.99818415720797,26,22,-0.0013889939803350291,0,5.000378329206105
37.344,120,0,37.46581960395086,37.5,75,49.95442613860115,23.998177045544047,26,22,-0.00138899439195206,0,5.000379811027416
37.44,120,0,37.4656862602523,37.5,75,49.954248347003066,23.998169933880124,26,22,-0.0013889948035693345,0,5.000381292849604
37.536,120,0,37.465552916553726,37.5,75,49.95407055540497,23.998162822216198,26,22,-0.0013889952151868532,0,5.000382774672672
37.632,120,0,37.465419572855154,37.5,75,49.95389276380687,23.998155710552275,26,22,-0.001388995626804616,0,5.000384256496618
37.728,120,0,37.46528622915658,37.5,75,49.95371497220878,23.998148598888353,26,22,-0.0013889960384226225,0,5.000385738321441
37.824,120,0,37.46515288545802,37.5,75,49.95353718061069,23.998141487224427,26,22,-0.0013889964500408733,0,5.000387220147144
37.92,120,0,37.46501954175128,37.5,75,49.95335938900171,23.998134375560067,26,22,-0.0013889968616593931,0,5.000388701973815
38.016,120,0,37.46488619589076,37.5,75,49.95318159452102,23.99812726378084,26,22,-0.0013889972732848053,0,5.000390183825299
38.112,120,0,37.46475285003024,37.5,75,49.95300380004032,23.99812015200161,26,22,-0.0013889976849104616,0,5.000391665677662
38.208,120,0,37.46461950416972,37.5,75,49.95282600555962,23.998113040222385,26,22,-0.0013889980965363616,0,5.000393147530902
38.304,120,0,37.4644861583092,37.5,75,49.95264821107893,23.998105928443156,26,22,-0.001388998508162506,0,5.000394629385021
38.4,120,0,37.46435281244867,37.5,75,49.95247041659823,23.99809881666393,26,22,-0.001388998919788894,0,5.000396111240018
38.496,120,0,37.464219466588155,37.5,75,49.95229262211754,23.9980917048847,26,22,-0.0013889993314155262,0,5.000397593095895
38.592,120,0,37.464086120727636,37.5,75,49.95211482763685,23.998084593105474,26,22,-0.001388999743042402,0,5.0003990749526475
38.688,120,0,37.46395277486711,37.5,75,49.95193703315615,23.998077481326245,26,22,-0.0013890001546695225,0,5.0004005568102805
38.784,120,0,37.46381942900659,37.5,75,49.95175923867545,23.99807036954702,26,22,-0.0013890005662968862,0,5.00040203866879
38.88,120,0,37.46368608314607,37.5,75,49.951581444194765,23.99806325776779,26,22,-0.0013890009779244942,0,5.000403520528179
38.976,120,0,37.463552737285546,37.5,75,49.95140364971406,23.998056145988564,26,22,-0.001389001389552346,0,5.000405002388446
39.072,120,0,37.46341939142503,37.5,75,49.951225855233375,23.998049034209334,26,22,-0.001389001801180442,0,5.000406484249591
39.168,120,0,37.46328604556451,37.5,75,49.951048060752676,23.998041922430108,26,22,-0.001389002212808782,0,5.000407966111615
39.264,120,0,37.46315269970398,37.5,75,49.95087026627198,23.99803481065088,26,22,-0.0013890026244373656,0,5.0004094479745165
39.36,120,0,37.463019353843464,37.5,75,49.950692471791285,23.998027698871653,26,22,-0.0013890030360661934,0,5.000410929838297
39.456,120,0,37.462886007982945,37.5,75,49.95051467731059,23.998020587092423,26,22,-0.0013890034476952654,0,5.000412411702955
39.552,120,0,37.46275266212242,37.5,75,49.950336882829895,23.998013475313197,26,22,-0.001389003859324581,0,5.000413893568492
39.648,120,0,37.4626193162619,37.5,75,49.9501590883492,23.998006363533968,26,22,-0.001389004270954141,0,5.000415375434907
39.744,120,0,37.46248597040138,37.5,75,49.949981293868504,23.99799925175474,26,22,-0.0013890046825839446,0,5.0004168573022
39.84,120,0,37.462352624540856,37.5,75,49.949803499387805,23.997992139975512,26,22,-0.0013890050942139923,0,5.0004183391703725
39.936,120,0,37.46221927868034,37.5,75,49.94962570490711,23.997985028196286,26,22,-0.001389005505844284,0,5.000419821039422
40.032,120,0,37.46208593281982,37.5,75,49.94944791042643,23.997977916417057,26,22,-0.0013890059174748194,0,5.00042130290935
40.128,120,0,37.46195258695929,37.5,75,49.94927011594572,23.99797080463783,26,22,-0.001389006329105599,0,5.000422784780157
40.224,120,0,37.46181924109877,37.5,75,49.94909232146503,23.9979636928586,26,22,-0.0013890067407366228,0,5.000424266651842
40.32,120,0,37.461685895238254,37.5,75,49.94891452698434,23.997956581079375,26,22,-0.0013890071523678903,0,5.000425748524405
40.416,120,0,37.46155254937773,37.5,75,49.94873673250364,23.997949469300146,26,22,-0.001389007563999402,0,5.000427230397847
40.512,120,0,37.46141920351721,37.5,75,49.94855893802295,23.99794235752092,26,22,-0.0013890079756311573,0,5.000428712272166
40.608,120,0,37.46128585765669,37.5,75,49.94838114354225,23.99793524574169,26,22,-0.0013890083872631568,0,5.000430194147365
40.704,120,0,37.46115251179617,37.5,75,49.948203349061565,23.997928133962464,26,22,-0.0013890087988954,0,5.000431676023441
40.8,120,0,37.461019165935646,37.5,75,49.94802555458086,23.997921022183235,26,22,-0.0013890092105278875,0,5.000433157900395
40.896,120,0,37.46088582007513,37.5,75,49.94784776010017,23.997913910404005,26,22,-0.001389009622160619,0,5.000434639778229
40.992,120,0,37.46075247421461,37.5,75,49.94766996561948,23.99790679862478,26,22,-0.0013890100337935944,0,5.00043612165694
41.088,120,0,37.46061912835408,37.5,75,49.94749217113878,23.99789968684555,26,22,-0.001389010445426814,0,5.00043760353653
41.184,120,0,37.46048578249356,37.5,75,49.947314376658085,23.997892575066324,26,22,-0.001389010857060277,0,5.000439085416997
41.28,120,0,37.460352436633045,37.5,75,49.94713658217739,23.997885463287094,26,22,-0.0013890112686939843,0,5.000440567298344
41.376,120,0,37.46021909077252,37.5,75,49.946958787696694,23.997878351507868,26,22,-0.0013890116803279358,0,5.000442049180569
41.472,120,0,37.460085744912,37.5,75,49.946780993216,23.99787123972864,26,22,-0.0013890120919621309,0,5.000443531063671
41.568,120,0,37.45995239905148,37.5,75,49.9466031987353,23.997864127949413,26,22,-0.00138901250359657,0,5.000445012947652
41.664,120,0,37.459819053190955,37.5,75,49.946425404254605,23.997857016170183,26,22,-0.0013890129152312534,0,5.000446494832512
41.76,120,0,37.459685707330436,37.5,75,49.94624760977391,23.997849904390957,26,22,-0.0013890133268661805,0,5.00044797671825
41.856,120,0,37.45955236146992,37.5,75,49.94606981529323,23.997842792611728,26,22,-0.0013890137385013516,0,5.000449458604866
41.952,120,0,37.45941901560939,37.5,75,49.94589202081252,23.9978356808325,26,22,-0.0013890141501367668,0,5.00045094049236
42.048,120,0,37.45928566974887,37.5,75,49.94571422633183,23.997828569053272,26,22,-0.001389014561772426,0,5.000452422380733
42.144,120,0,37.459152323888354,37.5,75,49.94553643185114,23.997821457274046,26,22,-0.0013890149734083288,0,5.000453904269984
42.24,120,0,37.45901897802783,37.5,75,49.94535863737043,23.997814345494817,26,22,-0.0013890153850444759,0,5.000455386160113
42.336,120,0,37.45888563216731,37.5,75,49.94518084288975,23.99780723371559,26,22,-0.001389015796680867,0,5.000456868051121
42.432,120,0,37.45875228630679,37.5,75,49.945003048409056,23.99780012193636,26,22,-0.001389016208317502,0,5.000458349943007
42.528,120,0,37.458618940446264,37.5,75,49.94482525392836,23.997793010157135,26,22,-0.0013890166199543809,0,5.000459831835771
42.624,120,0,37.458485594585746,37.5,75,49.94464745944766,23.997785898377906,26,22,-0.001389017031591504,0,5.0004613137294145
42.72,120,0,37.45835224872523,37.5,75,49.94446966496697,23.99777878659868,26,22,-0.001389017443228871,0,5.000462795623935
42.816,120,0,37.4582189028647,37.5,75,49.94429187048627,23.99777167481945,26,22,-0.0013890178548664818,0,5.000464277519335
42.912,120,0,37.45808555700418,37.5,75,49.944114076005576,23.997764563040224,26,22,-0.0013890182665043367,0,5.000465759415612
43.008,120,0,37.45795221114366,37.5,75,49.943936281524884,23.997757451260995,26,22,-0.0013890186781424358,0,5.000467241312768
43.104,120,0,37.45781886528314,37.5,75,49.943758487044185,23.99775033948177,26,22,-0.0013890190897807783,0,5.000468723210802
43.2,120,0,37.457685519104885,37.5,75,49.94358069213985,23.997743227685593,26,22,-0.0013890195014203462,0,5.000470205113246
43.296,120,0,37.45755217216335,37.5,75,49.943402896217805,23.997736115848713,26,22,-0.001389019913062514,0,5.00047168702505
43.392,120,0,37.45741882522182,37.5,75,49.94322510029576,23.99772900401183,26,22,-0.001389020324704926,0,5.0004731689377335
43.488,120,0,37.45728547828029,37.5,75,49.94304730437372,23.997721892174948,26,22,-0.001389020736347582,0,5.000474650851295
43.584,120,0,37.45715213133876,37.5,75,49.94286950845168,23.997714780338068,26,22,-0.0013890211479904817,0,5.000476132765734
43.68,120,0,37.45701878439722,37.5,75,49.94269171252963,23.997707668501185,26,22,-0.0013890215596336255,0,5.000477614681052
43.776,120,0,37.45688543745569,37.5,75,49.94251391660758,23.997700556664302,26,22,-0.0013890219712770135,0,5.000479096597249
43.872,120,0,37.45675209051416,37.5,75,49.942336120685546,23.997693444827423,26,22,-0.001389022382920645,0,5.000480578514322
43.968,120,0,37.456618743572626,37.5,75,49.942158324763504,23.99768633299054,26,22,-0.0013890227945645211,0,5.000482060432276
44.064,120,0,37.456485396631095,37.5,75,49.94198052884146,23.997679221153657,26,22,-0.001389023206208641,0,5.000483542351107
44.16,120,0,37.45635204968956,37.5,75,49.94180273291941,23.997672109316778,26,22,-0.0013890236178530047,0,5.000485024270817
44.256,120,0,37.45621870274803,37.5,75,49.94162493699738,23.997664997479895,26,22,-0.0013890240294976125,0,5.000486506191405
44.352,120,0,37.4560853558065,37.5,75,49.941447141075336,23.997657885643015,26,22,-0.001389024441142464,0,5.00048798811287
44.448,120,0,37.45595200886497,37.5,75,49.941269345153295,23.997650773806132,26,22,-0.0013890248527875597,0,5.000489470035215
44.544,120,0,37.45581866192344,37.5,75,49.941091549231245,23.99764366196925,26,22,-0.0013890252644328995,0,5.000490951958438
44.64,120,0,37.455685314981906,37.5,75,49.94091375330921,23.99763655013237,26,22,-0.001389025676078483,0,5.000492433882539
44.736,120,0,37.455551968040375,37.5,75,49.94073595738717,23.997629438295487,26,22,-0.001389026087724311,0,5.000493915807519
44.832,120,0,37.45541862109884,37.5,75,49.94055816146513,23.997622326458604,26,22,-0.0013890264993703827,0,5.000495397733378
44.928,120,0,37.45528527415731,37.5,75,49.94038036554308,23.997615214621725,26,22,-0.0013890269110166983,0,5.000496879660114
45.024,120,0,37.45515192721578,37.5,75,49.940202569621036,23.99760810278484,26,22,-0.001389027322663258,0,5.000498361587729
45.12,120,0,37.45501858027425,37.5,75,49.940024773699,23.99760099094796,26,22,-0.0013890277343100617,0,5.000499843516222
45.216,120,0,37.45488523333272,37.5,75,49.93984697777696,23.99759387911108,26,22,-0.001389028145957109,0,5.000501325445593
45.312,120,0,37.454751886391186,37.5,75,49.93966918185491,23.997586767274196,26,22,-0.0013890285576044006,0,5.000502807375843
45.408,120,0,37.454618539449655,37.5,75,49.93949138593287,23.997579655437313,26,22,-0.0013890289692519366,0,5.0005042893069716
45.504,120,0,37.45448519250812,37.5,75,49.93931359001083,23.997572543600434,26,22,-0.001389029380899716,0,5.000505771238978
45.6,120,0,37.45435184556659,37.5,75,49.93913579408879,23.99756543176355,26,22,-0.0013890297925477396,0,5.000507253171863
45.696,120,0,37.45421849862506,37.5,75,49.93895799816675,23.99755831992667,26,22,-0.001389030204196007,0,5.000508735105625
45.792,120,0,37.45408515168353,37.5,75,49.9387802022447,23.99755120808979,26,22,-0.001389030615844519,0,5.000510217040268
45.888,120,0,37.45395180423445,37.5,75,49.93860240564593,23.997544096225838,26,22,-0.001389031027494841,0,5.000511698981428
45.984,120,0,37.4538184567524,37.5,75,49.9384246090032,23.997536984360128,26,22,-0.0013890314391455092,0,5.000513180923833
46.08,120,0,37.45368510927036,37.5,75,49.93824681236048,23.997529872494418,26,22,-0.0013890318507964216,0,5.0005146628671175
46.176,120,0,37.45355176178831,37.5,75,49.93806901571775,23.99752276062871,26,22,-0.0013890322624475777,0,5.00051614481128
46.272,120,0,37.45341841430627,37.5,75,49.93789121907503,23.997515648763002,26,22,-0.0013890326740989775,0,5.000517626756319
46.368,120,0,37.45328506682422,37.5,75,49.937713422432296,23.997508536897293,26,22,-0.0013890330857506217,0,5.000519108702238
46.464,120,0,37.45315171934217,37.5,75,49.937535625789565,23.997501425031583,26,22,-0.0013890334974025098,0,5.000520590649035
46.56,120,0,37.45301837186013,37.5,75,49.93735782914685,23.997494313165873,26,22,-0.001389033909054642,0,5.000522072596711
46.656,120,0,37.452885024378084,37.5,75,49.937180032504116,23.997487201300164,26,22,-0.0013890343207070182,0,5.000523554545265
46.752,120,0,37.452751676896035,37.5,75,49.937002235861385,23.997480089434454,26,22,-0.0013890347323596381,0,5.000525036494698
46.848,120,0,37.452618329413994,37.5,75,49.93682443921866,23.997472977568748,26,22,-0.001389035144012502,0,5.000526518445008
46.944,120,0,37.452484981931946,37.5,75,49.93664664257593,23.997465865703038,26,22,-0.0013890355556656104,0,5.000528000396197
47.04,120,0,37.452351634449904,37.5,75,49.936468845933206,23.99745875383733,26,22,-0.0013890359673189624,0,5.000529482348265
47.136,120,0,37.45221828689717,37.5,75,49.93629104919623,23.99745164196785,26,22,-0.0013890363789727767,0,5.000530964301996
47.232,120,0,37.45208493914487,37.5,75,49.93611325219316,23.997444530087726,26,22,-0.001389036790627451,0,5.000532446258823
47.328,120,0,37.451951591392564,37.5,75,49.935935455190084,23.997437418207603,26,22,-0.0013890372022823693,0,5.000533928216529
47.424,120,0,37.45181824364026,37.5,75,49.935757658187015,23.99743030632748,26,22,-0.0013890376139375318,0,5.0005354101751145
47.52,120,0,37.45168489588795,37.5,75,49.93557986118393,23.997423194447357,26,22,-0.0013890380255929381,0,5.000536892134577
47.616,120,0,37.45155154813565,37.5,75,49.93540206418086,23.997416082567234,26,22,-0.0013890384372485885,0,5.000538374094918
47.712,120,0,37.451418200383344,37.5,75,49.935224267177794,23.99740897068711,26,22,-0.0013890388489044827,0,5.000539856056138
47.808,120,0,37.45128608846017,37.5,75,49.9350481179469,23.997401924717877,26,22,-0.0013890392567455076,0,5.0005413242838275
47.904,120,0,37.451155663626615,37.5,75,49.934874218168815,23.997394968726752,26,22,-0.0013890396593785749,0,5.000542773762869
48,120,0,37.45102523879306,37.5,75,49.934700318390746,23.99738801273563,26,22,-0.0013890400620118753,0,5.000544223242751
48,120,0,37.45102523879306,37.5,75,49.934700318390746,23.99738801273563,26,22,-0.0013890400620118753,0,5.000544223242751
